<?xml version="1.0"?>

<item>
  <title>Avengers: Infinity War</title>
<meta>
<content>As the Avengers and their allies have continued to protect the world from threats too large for any one hero to handle, a new danger has emerged from the cosmic shadows: Thanos. A despot of intergalactic infamy, his goal is to collect all six Infinity Stones, artifacts of unimaginable power, and use them to inflict his twisted will on all of reality. Everything the Avengers have fought for has led up to this moment - the fate of Earth and existence itself has never been more uncertain.</content>
  <title>Avengers: Infinity War</title>
<year>2018</year>
</meta>
  <link>plugin://script.extendedinfo?info=extendedinfo&id=299536</link>
   <thumbnail>https://image.tmdb.org/t/p/w600_and_h900_bestv2/7WsyChQLEftFiDOVTGkv3hFpyyt.jpg</thumbnail>
  <fanart>https://image.tmdb.org/t/p/w600_and_h900_bestv2/7WsyChQLEftFiDOVTGkv3hFpyyt.jpg</fanart>
</item>

<dir>
  <title>Fifty Shades Freed</title>
  <link>plugin://script.extendedinfo?info=extendedinfo&id=337167</link>
   <thumbnail>https://image.tmdb.org/t/p/w600_and_h900_bestv2/jjPJ4s3DWZZvI4vw8Xfi4Vqa1Q8.jpg</thumbnail>
  <fanart>https://image.tmdb.org/t/p/w600_and_h900_bestv2/jjPJ4s3DWZZvI4vw8Xfi4Vqa1Q8.jpg</fanart>
</dir>
<dir>
  <title>Black Panther</title>
  <link>plugin://script.extendedinfo?info=extendedinfo&id=284054</link>
   <thumbnail>https://image.tmdb.org/t/p/w600_and_h900_bestv2/uxzzxijgPIY7slzFvMotPv8wjKA.jpg</thumbnail>
  <fanart>https://image.tmdb.org/t/p/w600_and_h900_bestv2/uxzzxijgPIY7slzFvMotPv8wjKA.jpg</fanart>
</dir>
<dir>
  <title>Dirty Dead Con Men</title>
  <link>plugin://script.extendedinfo?info=extendedinfo&id=510819</link>
   <thumbnail>https://image.tmdb.org/t/p/w600_and_h900_bestv2/r70GGoZ5PqqokDDRnVfTN7PPDtJ.jpg</thumbnail>
  <fanart>https://image.tmdb.org/t/p/w600_and_h900_bestv2/r70GGoZ5PqqokDDRnVfTN7PPDtJ.jpg</fanart>
</dir>
<dir>
  <title>Thor: Ragnarok</title>
  <link>plugin://script.extendedinfo?info=extendedinfo&id=284053</link>
   <thumbnail>https://image.tmdb.org/t/p/w600_and_h900_bestv2/rzRwTcFvttcN1ZpX2xv4j3tSdJu.jpg</thumbnail>
  <fanart>https://image.tmdb.org/t/p/w600_and_h900_bestv2/rzRwTcFvttcN1ZpX2xv4j3tSdJu.jpg</fanart>
</dir>
<dir>
  <title>Rampage</title>
  <link>plugin://script.extendedinfo?info=extendedinfo&id=427641</link>
   <thumbnail>https://image.tmdb.org/t/p/w600_and_h900_bestv2/30oXQKwibh0uANGMs0Sytw3uN22.jpg</thumbnail>
  <fanart>https://image.tmdb.org/t/p/w600_and_h900_bestv2/30oXQKwibh0uANGMs0Sytw3uN22.jpg</fanart>
</dir>
<dir>
  <title>Game Night</title>
  <link>plugin://script.extendedinfo?info=extendedinfo&id=445571</link>
   <thumbnail>https://image.tmdb.org/t/p/w600_and_h900_bestv2/85R8LMyn9f2Lev2YPBF8Nughrkv.jpg</thumbnail>
  <fanart>https://image.tmdb.org/t/p/w600_and_h900_bestv2/85R8LMyn9f2Lev2YPBF8Nughrkv.jpg</fanart>
</dir>
<dir>
  <title>Star Wars: The Last Jedi</title>
  <link>plugin://script.extendedinfo?info=extendedinfo&id=181808</link>
   <thumbnail>https://image.tmdb.org/t/p/w600_and_h900_bestv2/kOVEVeg59E0wsnXmF9nrh6OmWII.jpg</thumbnail>
  <fanart>https://image.tmdb.org/t/p/w600_and_h900_bestv2/kOVEVeg59E0wsnXmF9nrh6OmWII.jpg</fanart>
</dir>
<dir>
  <title>Ready Player One</title>
  <link>plugin://script.extendedinfo?info=extendedinfo&id=333339</link>
   <thumbnail>https://image.tmdb.org/t/p/w600_and_h900_bestv2/pU1ULUq8D3iRxl1fdX2lZIzdHuI.jpg</thumbnail>
  <fanart>https://image.tmdb.org/t/p/w600_and_h900_bestv2/pU1ULUq8D3iRxl1fdX2lZIzdHuI.jpg</fanart>
</dir>
<dir>
  <title>Coco</title>
  <link>plugin://script.extendedinfo?info=extendedinfo&id=354912</link>
   <thumbnail>https://image.tmdb.org/t/p/w600_and_h900_bestv2/eKi8dIrr8voobbaGzDpe8w0PVbC.jpg</thumbnail>
  <fanart>https://image.tmdb.org/t/p/w600_and_h900_bestv2/eKi8dIrr8voobbaGzDpe8w0PVbC.jpg</fanart>
</dir>
<dir>
  <title>Red Sparrow</title>
  <link>plugin://script.extendedinfo?info=extendedinfo&id=401981</link>
   <thumbnail>https://image.tmdb.org/t/p/w600_and_h900_bestv2/vLCogyfQGxVLDC1gqUdNAIkc29L.jpg</thumbnail>
  <fanart>https://image.tmdb.org/t/p/w600_and_h900_bestv2/vLCogyfQGxVLDC1gqUdNAIkc29L.jpg</fanart>
</dir>
<dir>
  <title>Deadpool 2</title>
  <link>plugin://script.extendedinfo?info=extendedinfo&id=383498</link>
   <thumbnail>https://image.tmdb.org/t/p/w600_and_h900_bestv2/to0spRl1CMDvyUbOnbb4fTk3VAd.jpg</thumbnail>
  <fanart>https://image.tmdb.org/t/p/w600_and_h900_bestv2/to0spRl1CMDvyUbOnbb4fTk3VAd.jpg</fanart>
</dir>
<dir>
  <title>A Quiet Place</title>
  <link>plugin://script.extendedinfo?info=extendedinfo&id=447332</link>
   <thumbnail>https://image.tmdb.org/t/p/w600_and_h900_bestv2/nAU74GmpUk7t5iklEp3bufwDq4n.jpg</thumbnail>
  <fanart>https://image.tmdb.org/t/p/w600_and_h900_bestv2/nAU74GmpUk7t5iklEp3bufwDq4n.jpg</fanart>
</dir>
<dir>
  <title>Meet Me In St. Gallen</title>
  <link>plugin://script.extendedinfo?info=extendedinfo&id=499772</link>
   <thumbnail>https://image.tmdb.org/t/p/w600_and_h900_bestv2/uGntNjUx6YAzbVy7RDgxWnWsdet.jpg</thumbnail>
  <fanart>https://image.tmdb.org/t/p/w600_and_h900_bestv2/uGntNjUx6YAzbVy7RDgxWnWsdet.jpg</fanart>
</dir>
<dir>
  <title>Maze Runner: The Death Cure</title>
  <link>plugin://script.extendedinfo?info=extendedinfo&id=336843</link>
   <thumbnail>https://image.tmdb.org/t/p/w600_and_h900_bestv2/7GgZ6DGezkh3szFdvskH5XD4V0t.jpg</thumbnail>
  <fanart>https://image.tmdb.org/t/p/w600_and_h900_bestv2/7GgZ6DGezkh3szFdvskH5XD4V0t.jpg</fanart>
</dir>
<dir>
  <title>Justice League</title>
  <link>plugin://script.extendedinfo?info=extendedinfo&id=141052</link>
   <thumbnail>https://image.tmdb.org/t/p/w600_and_h900_bestv2/eifGNCSDuxJeS1loAXil5bIGgvC.jpg</thumbnail>
  <fanart>https://image.tmdb.org/t/p/w600_and_h900_bestv2/eifGNCSDuxJeS1loAXil5bIGgvC.jpg</fanart>
</dir>
<dir>
  <title>Blade Runner 2049</title>
  <link>plugin://script.extendedinfo?info=extendedinfo&id=335984</link>
   <thumbnail>https://image.tmdb.org/t/p/w600_and_h900_bestv2/gajva2L0rPYkEWjzgFlBXCAVBE5.jpg</thumbnail>
  <fanart>https://image.tmdb.org/t/p/w600_and_h900_bestv2/gajva2L0rPYkEWjzgFlBXCAVBE5.jpg</fanart>
</dir>
<dir>
  <title>The Commuter</title>
  <link>plugin://script.extendedinfo?info=extendedinfo&id=399035</link>
   <thumbnail>https://image.tmdb.org/t/p/w600_and_h900_bestv2/rDeGK6FIUfVcXmuBdEORPAGPMNg.jpg</thumbnail>
  <fanart>https://image.tmdb.org/t/p/w600_and_h900_bestv2/rDeGK6FIUfVcXmuBdEORPAGPMNg.jpg</fanart>
</dir>
<dir>
  <title>Jurassic World: Fallen Kingdom</title>
  <link>plugin://script.extendedinfo?info=extendedinfo&id=351286</link>
   <thumbnail>https://image.tmdb.org/t/p/w600_and_h900_bestv2/c9XxwwhPHdaImA2f1WEfEsbhaFB.jpg</thumbnail>
  <fanart>https://image.tmdb.org/t/p/w600_and_h900_bestv2/c9XxwwhPHdaImA2f1WEfEsbhaFB.jpg</fanart>
</dir>
<dir>
  <title>The Greatest Showman</title>
  <link>plugin://script.extendedinfo?info=extendedinfo&id=316029</link>
   <thumbnail>https://image.tmdb.org/t/p/w600_and_h900_bestv2/b9CeobiihCx1uG1tpw8hXmpi7nm.jpg</thumbnail>
  <fanart>https://image.tmdb.org/t/p/w600_and_h900_bestv2/b9CeobiihCx1uG1tpw8hXmpi7nm.jpg</fanart>
</dir>
