<xml>
  <dir>
    <title>Movies</title>
    <link>file://movies.xml</link>
	<thumbnail>http://newwavedesigns.ca/NewWave/movies.png</thumbnail>
	<fanart>http://newwavedesigns.ca/NewWave/movies.png</fanart>
  </dir>

  <dir>
    <title>TV Shows</title>
    <link>file://tv.xml</link>
	<thumbnail>http://newwavedesigns.ca/NewWave/tv.png</thumbnail>
	<fanart>http://newwavedesigns.ca/NewWave/tv.png</fanart>
  </dir>
  
    <dir>
    <title>Kids Zone</title>
    <link>file://kidszone.xml</link>
  </dir>

    <dir>
      <title>Search TMDB</title>
      <tmdb>search</tmdb>
    </dir>  
  
  <dir>
    <title>Settings</title>
    <link>file://msettings.xml</link>
  </dir>
</xml>
