<xml>

  <dir>
      <title>In Theatres</title>
<link>plugin://script.extendedinfo?info=incinemas</link>
  </dir>

  <dir>
      <title>Popular Movies</title>
<link>plugin://script.extendedinfo?info=popularmovies</link>
  </dir>
  
  <dir>
      <title>Upcoming Movies</title>
<link>plugin://script.extendedinfo?info=upcoming</link>
  </dir>

    <dir>
      <title>Production Companies</title>
<link>file://movies/production.xml</link>
  </dir>
  
  <dir>
        <title>[B][COLORwhite]Adam Sandler[/COLOR][/B]</title>
        <link>plugin://script.extendedinfo?info=extendedinfo&id=427641</link>
    </dir>

	  <dir>
        <title>[B][COLORwhite]Deadpool 2[/COLOR][/B]</title>
        <link>plugin://script.extendedinfo?info=extendedinfo&name=deadpool%202</link>
    </dir>

<dir>
  <title>Avengers: Infinity War</title>
  <link>plugin://script.extendedinfo?info=extendedinfo&id=299536</link>
</dir>	
	
	
    <dir>
        <title>[B][COLORwhite]2018[/COLOR][/B]</title>
        <link>file://2018.xml</link>
		
    </dir>
  

  <dir>
    <title>Actors</title>
    <link>file://movies/actors.xml</link>
	<thumbnail>http://newwavedesigns.ca/NewWave/movies.png</thumbnail>
	<fanart>http://newwavedesigns.ca/NewWave/movies.png</fanart>
  </dir>
