<xml>
    <plugin>
        <name>JEN: Customization</name>
        <link>plugin://plugin.video.jen/?mode=openSettings&url=query=0.0</link>
        <thumbnail>special://home/addons/plugin.video.jen/resources/media/tools.png</thumbnail>
        <fanart>special://home/addons/plugin.video.jen/resources/media/settings.jpg</fanart>
        <info>Open the Settings for the addon on the Customization tab</info>
    </plugin>

    <plugin>
        <name>JEN: General</name>
        <link>plugin://plugin.video.jen/?mode=openSettings&url=query=1.0</link>
        <thumbnail>special://home/addons/plugin.video.jen/resources/media/tools.png</thumbnail>
        <fanart>special://home/addons/plugin.video.jen/resources/media/settings.jpg</fanart>
        <info>Open the Settings for the addon on the General tab</info>
    </plugin>

    <plugin>
        <name>TOOLS: Open Scraper Settings</name>
        <link>plugin://plugin.video.jen/?mode=ScraperSettings</link>
        <thumbnail>special://home/addons/plugin.video.jen/resources/media/scraper.png</thumbnail>
        <fanart>special://home/addons/plugin.video.jen/resources/media/settings.jpg</fanart>
        <info>Open the Scraper Settings for Universal Scrapers</info>
    </plugin>

    <plugin>
        <name>Real Debrid Re-Authorize (Resolve URL)</name>
        <link>plugin://script.module.resolveurl/?mode=auth_rd</link>
        <thumbnail>special://home/addons/plugin.video.jen/resources/media/resolveurl.png</thumbnail>
        <fanart>special://home/addons/plugin.video.jen/resources/media/settings.jpg</fanart>
        <info>(Re)Authorize Real-Debrid in the Resolve URL Addon</info>
    </plugin>

    <plugin>
        <name>TOOLS: Clear Cache</name>
        <link>plugin://plugin.video.jen/?mode=clearCache</link>
        <thumbnail>special://home/addons/plugin.video.jen/resources/media/cache.png</thumbnail>
        <fanart>special://home/addons/plugin.video.jen/resources/media/settings.jpg</fanart>
        <info>Clear all the Cache for the addon</info>
    </plugin>
</xml>