<xml>
    <dir>
      <title>TMDB Popular</title>
      <tmdb>tv/popular</tmdb>
    </dir>
    <dir>
      <title>TMDB Top Rated</title>
      <tmdb>tv/top_rated</tmdb>
    </dir>
    <dir>
      <title>TMDB Airing Today</title>
      <tmdb>tv/today</tmdb>
    </dir>	
<dir>
    <title>TV Genres</title>
    <link>file://tv/genre_tv.xml</link>
  </dir>
  
<dir>
    <title>TV Networks</title>
    <link>file://tv/networks.xml</link>
  </dir>
  
<dir>
    <title>TV Shows</title>
    <link>file://tv/genre_tv.xml</link>
  </dir>

<dir>
    <title>TV Shows</title>
    <link>file://tv/genre_tv.xml</link>
  </dir>

      <dir>
      <title>Search TMDB</title>
      <tmdb>search</tmdb>
    </dir>
