<favourites>
	<favourite name="--- Basics ---" thumb="DefaultAddonVideo.png">noop</favourite>
	<favourite name="TMI- TMDb Movies" thumb="special://home/addons/script.TMI/icon.png">RunScript(&quot;script.TMI&quot;)?sf_options=fanart%3Dspecial%3A%2F%2Fhome%2Faddons%2Fscript.TMI%2Ffanart.jpg&amp;desc%3DEIM+-+TheMovieDb.org+Movies%26_options_sf&quot;)</favourite>
	<favourite name="TMI- TMDb TVShows" thumb="special://home/addons/script.TMI/icon.png">RunScript(&quot;script.TMI&quot;,info=list,type=tv)?sf_options=fanart%3Dspecial%3A%2F%2Fhome%2Faddons%2Fscript.TMI%2Ffanart.jpg&amp;desc%3DEIM+-+TheMovieDb.org+TVShows%26_options_sf&quot;)</favourite>
	<favourite name="TMI- Favourites" thumb="special://home/addons/script.TMI/icon.png">ActivateWindow(10025,&quot;plugin://script.TMI/?info=favourites&id=&amp;sf_options=fanart%3Dspecial%3A%2F%2Fhome%2Faddons%2Fscript.TMI%2Ffanart.jpg&amp;desc%3DEIM+-+Browse+TMI+Info+Favourites%26_options_sf&quot;,return)</favourite>
	<favourite name="TMI- Youtube Channel Browser" thumb="special://home/addons/script.TMI/icon.png">RunScript(&quot;script.TMI&quot;,info=list,type=channel)?sf_options=fanart%3Dspecial%3A%2F%2Fhome%2Faddons%2Fscript.TMI%2Ffanart.jpg&amp;desc%3DEIM+-+Browse+Youtube+Channels%26_options_sf&quot;)</favourite>
	<favourite name="TMI- Youtube Playlist Browser" thumb="special://home/addons/script.TMI/icon.png">RunScript(&quot;script.TMI&quot;,info=list,type=playlist)?sf_options=fanart%3Dspecial%3A%2F%2Fhome%2Faddons%2Fscript.TMI%2Ffanart.jpg&amp;desc%3DEIM+-+Browse+Youtube+Playlists%26_options_sf&quot;)</favourite>
	<favourite name="TMI- Youtube Channel Videos" thumb="special://home/addons/script.TMI/icon.png">RunScript(&quot;script.TMI&quot;,info=list,type=video)?sf_options=fanart%3Dspecial%3A%2F%2Fhome%2Faddons%2Fscript.TMI%2Ffanart.jpg&amp;desc%3DEIM+-+Browse+Youtube+Videos%26_options_sf&quot;)</favourite>
	<favourite name="TMI- Various Categories" thumb="special://home/addons/script.TMI/icon.png">ActivateWindow(10025,&quot;plugin://script.TMI/?sf_options=fanart%3Dspecial%3A%2F%2Fhome%2Faddons%2Fscript.TMI%2Ffanart.jpg&amp;desc%3DEIM+-+Various+categories%26_options_sf&quot;,return)</favourite>
	<favourite name="--- Needs Local Library ---" thumb="DefaultAddonLibrary.png">noop</favourite>
	<favourite name="TMI- Latest Movies (Library)" thumb="special://home/addons/script.TMI/icon.png">ActivateWindow(10025,&quot;plugin://script.TMI/?info=latestdbmovies&amp;sf_options=fanart%3Dspecial%3A%2F%2Fhome%2Faddons%2Fscript.TMI%2Ffanart.jpg&amp;desc%3DEIM+-+Latest+Movies+from+local+library%26_options_sf&quot;,return)</favourite>
	<favourite name="TMI- Random Movies (Library)" thumb="special://home/addons/script.TMI/icon.png">ActivateWindow(10025,&quot;plugin://script.TMI/?info=randomdbmovies&amp;sf_options=fanart%3Dspecial%3A%2F%2Fhome%2Faddons%2Fscript.TMI%2Ffanart.jpg&amp;desc%3DEIM+-+Random+Movies+from+local+library%26_options_sf&quot;,return)</favourite>
	<favourite name="TMI- In Progress Movies (Library)" thumb="special://home/addons/script.TMI/icon.png">ActivateWindow(10025,&quot;plugin://script.TMI/?info=inprogressdbmovies&amp;sf_options=fanart%3Dspecial%3A%2F%2Fhome%2Faddons%2Fscript.TMI%2Ffanart.jpg&amp;desc%3DEIM+-+In+Progress+Movies+from+local+library%26_options_sf&quot;,return)</favourite>
	<favourite name="--- Rotten Tomatoes ---" thumb="DefaultAddonVideo.png">noop</favourite>
	<favourite name="TMI- Movies In Theaters (RT)" thumb="special://home/addons/script.TMI/icon.png">ActivateWindow(10025,&quot;plugin://script.TMI/?info=intheaters&sf_options=fanart%3Dspecial%3A%2F%2Fhome%2Faddons%2Fscript.TMI%2Ffanart.jpg&amp;desc%3DEIM.RT+-+Movies+currently+in+Theaters%26_options_sf&quot;,return)</favourite>
	<favourite name="TMI- Current Box Office Movies (RT)" thumb="special://home/addons/script.TMI/icon.png">ActivateWindow(10025,&quot;plugin://script.TMI/?info=boxoffice&;sf_options=fanart%3Dspecial%3A%2F%2Fhome%2Faddons%2Fscript.TMI%2Ffanart.jpg&amp;desc%3DEIM.RT+-+Box+Office+Movies%26_options_sf&quot;,return)</favourite>
	<favourite name="TMI- Opening Movies (RT)" thumb="special://home/addons/script.TMI/icon.png">ActivateWindow(10025,&quot;plugin://script.TMI/?info=opening&sf_options=fanart%3Dspecial%3A%2F%2Fhome%2Faddons%2Fscript.TMI%2Ffanart.jpg&amp;desc%3DEIM.RT+-+Movies+currently+Opening%26_options_sf&quot;,return)</favourite>
	<favourite name="TMI- Movies Coming Soon (RT)" thumb="special://home/addons/script.TMI/icon.png">ActivateWindow(10025,&quot;plugin://script.TMI/?info=comingsoon&sf_options=fanart%3Dspecial%3A%2F%2Fhome%2Faddons%2Fscript.TMI%2Ffanart.jpg&amp;desc%3DEIM.RT+-+Movies+Coming+Soon%26_options_sf&quot;,return)</favourite>
	<favourite name="TMI- Top Rental Movies (RT)" thumb="special://home/addons/script.TMI/icon.png">ActivateWindow(10025,&quot;plugin://script.TMI/?info=toprentals&amp;sf_options=fanart%3Dspecial%3A%2F%2Fhome%2Faddons%2Fscript.TMI%2Ffanart.jpg&amp;desc%3DEIM.RT+-+Movies+currently+Opening%26_options_sf&quot;,return)</favourite>
	<favourite name="TMI- Current DVD Releases (RT)" thumb="special://home/addons/script.TMI/icon.png">ActivateWindow(10025,&quot;plugin://script.TMI/?info=currentdvdreleases&amp;sf_options=fanart%3Dspecial%3A%2F%2Fhome%2Faddons%2Fscript.TMI%2Ffanart.jpg&amp;desc%3DEIM.RT+-+Current+DVD+Releases%26_options_sf&quot;,return)</favourite>
	<favourite name="TMI- New DVD Releases (RT)" thumb="special://home/addons/script.TMI/icon.png">ActivateWindow(10025,&quot;plugin://script.TMI/?info=newdvdreleases&amp;sf_options=fanart%3Dspecial%3A%2F%2Fhome%2Faddons%2Fscript.TMI%2Ffanart.jpg&amp;desc%3DEIM.RT+-+New+DVD+Releases%26_options_sf&quot;,return)</favourite>
	<favourite name="TMI- Upcoming DVD Releases (RT)" thumb="special://home/addons/script.TMI/icon.png">ActivateWindow(10025,&quot;plugin://script.TMI/?info=upcomingdvds&amp;sf_options=fanart%3Dspecial%3A%2F%2Fhome%2Faddons%2Fscript.TMI%2Ffanart.jpg&amp;desc%3DEIM.RT+-+Upcoming+DVD+Releases%26_options_sf&quot;,return)</favourite>
	<favourite name="--- The MovieDb Movies ---" thumb="DefaultAddonVideo.png">noop</favourite>
	<favourite name="TMI- Movies in Cinemas (TMDb)" thumb="special://home/addons/script.TMI/icon.png">ActivateWindow(10025,&quot;plugin://script.TMI/?info=incinemas&amp;sf_options=fanart%3Dspecial%3A%2F%2Fhome%2Faddons%2Fscript.TMI%2Ffanart.jpg&amp;desc%3DEIM.TMDb+-+Movies+currently+in+Cinemass%26_options_sf&quot;,return)</favourite>
	<favourite name="TMI- Upcoming Movies (TMDb)" thumb="special://home/addons/script.TMI/icon.png">ActivateWindow(10025,&quot;plugin://script.TMI/?info=upcoming&amp;sf_options=fanart%3Dspecial%3A%2F%2Fhome%2Faddons%2Fscript.TMI%2Ffanart.jpg&amp;desc%3DEIM.TMDb+-+Upcoming+Movies%26_options_sf&quot;,return)</favourite>
	<favourite name="TMI- Top Rated Movies (TMDb)" thumb="special://home/addons/script.TMI/icon.png">ActivateWindow(10025,&quot;plugin://script.TMI/?info=topratedmovies&amp;sf_options=fanart%3Dspecial%3A%2F%2Fhome%2Faddons%2Fscript.TMI%2Ffanart.jpg&amp;desc%3DEIM.TMDb+-+Top+Rated+Movies%26_options_sf&quot;,return)</favourite>
	<favourite name="TMI- Popular Movies (TMDb)" thumb="special://home/addons/script.TMI/icon.png">ActivateWindow(10025,&quot;plugin://script.TMI/?info=popularmovies&amp;sf_options=fanart%3Dspecial%3A%2F%2Fhome%2Faddons%2Fscript.TMI%2Ffanart.jpg&amp;desc%3DEIM.TMDb+-+Popular+Movies%26_options_sf&quot;,return)</favourite>
	<favourite name="TMI- My Rated Movies (TMDb)" thumb="special://home/addons/script.TMI/icon.png">ActivateWindow(10025,&quot;plugin://script.TMI/?info=ratedmovies&amp;sf_options=fanart%3Dspecial%3A%2F%2Fhome%2Faddons%2Fscript.TMI%2Ffanart.jpg&amp;desc%3DEIM.TMDb+-+My+Rated+Movies%26_options_sf&quot;,return)</favourite>
	<favourite name="TMI- My Starred Movies (TMDb)" thumb="special://home/addons/script.TMI/icon.png">ActivateWindow(10025,&quot;plugin://script.TMI/?info=starredmovies&amp;sf_options=fanart%3Dspecial%3A%2F%2Fhome%2Faddons%2Fscript.TMI%2Ffanart.jpg&amp;desc%3DEIM.TMDb+-+My+Starred+Movies%26_options_sf&quot;,return)</favourite>
	<favourite name="TMI- My Account Lists (TMDb)" thumb="special://home/addons/script.TMI/icon.png">ActivateWindow(10025,&quot;plugin://script.TMI/?info=accountlists&amp;sf_options=fanart%3Dspecial%3A%2F%2Fhome%2Faddons%2Fscript.TMI%2Ffanart.jpg&amp;desc%3DEIM.TMDb+-+My+Account+Lists%26_options_sf&quot;,return)</favourite>
	<favourite name="TMI- My Lists Movies (TMDb)" thumb="special://home/addons/script.TMI/icon.png">ActivateWindow(10025,&quot;plugin://script.TMI/?info=lismovies&amp;sf_options=fanart%3Dspecial%3A%2F%2Fhome%2Faddons%2Fscript.TMI%2Ffanart.jpg&amp;desc%3DEIM.TMDb+-+My+Lists+Movies%26_options_sf&quot;,return)</favourite>
	<favourite name="--- The MovieDb TVShows ---" thumb="DefaultAddonVideo.png">noop</favourite>
	<favourite name="TMI- TVShows Airing Today (TMDb)" thumb="special://home/addons/script.TMI/icon.png">ActivateWindow(10025,&quot;plugin://script.TMI/?info=airingtodaytvshows&amp;sf_options=fanart%3Dspecial%3A%2F%2Fhome%2Faddons%2Fscript.TMI%2Ffanart.jpg&amp;desc%3DEIM.TMDb+-+TVShows+Airing+Today%26_options_sf&quot;,return)</favourite>
	<favourite name="TMI- On Air TVShows (TMDb)" thumb="special://home/addons/script.TMI/icon.png">ActivateWindow(10025,&quot;plugin://script.TMI/?info=onairtvshows&amp;sf_options=fanart%3Dspecial%3A%2F%2Fhome%2Faddons%2Fscript.TMI%2Ffanart.jpg&amp;desc%3DEIM.TMDb+-+On+Air+TVShows%26_options_sf&quot;,return)</favourite>
	<favourite name="TMI- Top Rated TVShows (TMDb)" thumb="special://home/addons/script.TMI/icon.png">ActivateWindow(10025,&quot;plugin://script.TMI/?info=topratedtvshows&amp;sf_options=fanart%3Dspecial%3A%2F%2Fhome%2Faddons%2Fscript.TMI%2Ffanart.jpg&amp;desc%3DEIM.TMDb+-+Top+Rated+TVShows%26_options_sf&quot;,return)</favourite>
	<favourite name="TMI- Popular TVShows (TMDb)" thumb="special://home/addons/script.TMI/icon.png">ActivateWindow(10025,&quot;plugin://script.TMI/?info=populartvshows&amp;sf_options=fanart%3Dspecial%3A%2F%2Fhome%2Faddons%2Fscript.TMI%2Ffanart.jpg&amp;desc%3DEIM.TMDb+-+Popular+TVShows%26_options_sf&quot;,return)</favourite>
	<favourite name="TMI- My Rated TVShows (TMDb)" thumb="special://home/addons/script.TMI/icon.png">ActivateWindow(10025,&quot;plugin://script.TMI/?info=ratedtvshows&amp;sf_options=fanart%3Dspecial%3A%2F%2Fhome%2Faddons%2Fscript.TMI%2Ffanart.jpg&amp;desc%3DEIM.TMDb+-+My+Rated+TVShows%26_options_sf&quot;,return)</favourite>
	<favourite name="TMI- My Starred TVShows (TMDb)" thumb="special://home/addons/script.TMI/icon.png">ActivateWindow(10025,&quot;plugin://script.TMI/?info=starredtvshows&amp;sf_options=fanart%3Dspecial%3A%2F%2Fhome%2Faddons%2Fscript.TMI%2Ffanart.jpg&amp;desc%3DEIM.TMDb+-+My+Starred+TVShows%26_options_sf&quot;,return)</favourite>
	<favourite name="--- Trakt ---" thumb="DefaultAddonVideo.png">noop</favourite>
	<favourite name="TMI- Trending Movies (Trakt)" thumb="special://home/addons/script.TMI/icon.png">ActivateWindow(10025,&quot;plugin://script.TMI/?info=trendingmovies&amp;sf_options=fanart%3Dspecial%3A%2F%2Fhome%2Faddons%2Fscript.TMI%2Ffanart.jpg&amp;desc%3DEIM.Trakt+-+Trending+Movies%26_options_sf&quot;,return)</favourite>
	<favourite name="TMI- Airing TVShows (Trakt)" thumb="special://home/addons/script.TMI/icon.png">ActivateWindow(10025,&quot;plugin://script.TMI/?info=airingshows&amp;sf_options=fanart%3Dspecial%3A%2F%2Fhome%2Faddons%2Fscript.TMI%2Ffanart.jpg&amp;desc%3DEIM.Trakt+-+Airing+TVShows%26_options_sf&quot;,return)</favourite>
	<favourite name="TMI- Premiering TVShows (Trakt)" thumb="special://home/addons/script.TMI/icon.png">ActivateWindow(10025,&quot;plugin://script.TMI/?info=trendingshows&amp;sf_options=fanart%3Dspecial%3A%2F%2Fhome%2Faddons%2Fscript.TMI%2Ffanart.jpg&amp;desc%3DEIM.Trakt+-+Trending+TVShows%26_options_sf&quot;,return)</favourite>
	<favourite name="TMI- Trending TVShows (Trakt)" thumb="special://home/addons/script.TMI/icon.png">ActivateWindow(10025,&quot;plugin://script.TMI/?info=onairtvshows&amp;sf_options=fanart%3Dspecial%3A%2F%2Fhome%2Faddons%2Fscript.TMI%2Ffanart.jpg&amp;desc%3DEIM.Trakt+-+On+Air+TVShows%26_options_sf&quot;,return)</favourite>
	<favourite name="--- Music ---" thumb="DefaultAddonMusic.png">noop</favourite>
	<favourite name="TMI- Top Artists" thumb="special://home/addons/script.TMI/icon.png">ActivateWindow(10501,&quot;plugin://script.TMI/?info=topartists&amp;sf_options=fanart%3Dspecial%3A%2F%2Fhome%2Faddons%2Fscript.TMI%2Ffanart.jpg&amp;desc%3DEIM+-+Top+Artists%26_options_sf&quot;,return)</favourite>
	<favourite name="--- Picture ---" thumb="DefaultAddonPicture.png">noop</favourite>
	<favourite name="TMI- XKCD" thumb="special://home/addons/script.TMI/icon.png">ActivateWindow(10002,&quot;plugin://script.TMI/?info=xkcd&amp;sf_options=fanart%3Dspecial%3A%2F%2Fhome%2Faddons%2Fscript.TMI%2Ffanart.jpg&amp;desc%3DEIM+-+XKCD+images%26_options_sf&quot;,return)</favourite>
	<favourite name="TMI- Cyanide" thumb="special://home/addons/script.TMI/icon.png">ActivateWindow(10002,&quot;plugin://script.TMI/?info=cyanide&amp;sf_options=fanart%3Dspecial%3A%2F%2Fhome%2Faddons%2Fscript.TMI%2Ffanart.jpg&amp;desc%3DEIM+-+Cyanide+Images%26_options_sf&quot;,return)</favourite>
	<favourite name="TMI- DailyBabes" thumb="special://home/addons/script.TMI/icon.png">ActivateWindow(10002,&quot;plugin://script.TMI/?info=dailybabes&amp;sf_options=fanart%3Dspecial%3A%2F%2Fhome%2Faddons%2Fscript.TMI%2Ffanart.jpg&amp;desc%3DEIM+-+DailyBabes+Images%26_options_sf&quot;,return)</favourite>
	<favourite name="TMI- DailyBabe" thumb="special://home/addons/script.TMI/icon.png">ActivateWindow(10002,&quot;plugin://script.TMI/?info=dailybabe&amp;sf_options=fanart%3Dspecial%3A%2F%2Fhome%2Faddons%2Fscript.TMI%2Ffanart.jpg&amp;desc%3DEIM+-+DailyBabe+Images%26_options_sf&quot;,return)</favourite>
	<favourite name="--- People ---" thumb="DefaultActor.png">noop</favourite>
	<favourite name="TMI- Popular Actors" thumb="special://home/addons/script.TMI/icon.png">ActivateWindow(10025,&quot;plugin://script.TMI/?info=popularpeople&amp;sf_options=fanart%3Dspecial%3A%2F%2Fhome%2Faddons%2Fscript.TMI%2Ffanart.jpg&amp;desc%3DEIM+-Popular+Actors%26_options_sf&quot;,return)</favourite>
	<favourite name="--- Needs Query ---" thumb="DefaultVideoPlugins.png">noop</favourite>
	<favourite name="TMI- Search" thumb="special://home/addons/script.TMI/icon.png">RunScript(&quot;script.TMI&quot;,info=list,mode=search,query=[%SF%])?sf_options=fanart%3Dspecial%3A%2F%2Fhome%2Faddons%2Fscript.TMI%2Ffanart.jpg&amp;desc%3DSearch+TMI+Info+Mod+with+query:+[%SF%]%26_options_sf&quot;)</favourite>
	<favourite name="TMI- Similar Movies (TMDb)(Dbid/IMDbid)" thumb="special://home/addons/script.TMI/icon.png">ActivateWindow(10025,&quot;plugin://script.TMI/?info=similarmovies&id=[%SF%]&amp;sf_options=fanart%3Dspecial%3A%2F%2Fhome%2Faddons%2Fscript.TMI%2Ffanart.jpg&amp;desc%3DEIM.TMDb+-+Similar+Movies+from+TheMovieDb%26_options_sf&quot;,return)</favourite>
	<favourite name="TMI- Similar Movies (Trakt)(Dbid/IMDbid)" thumb="special://home/addons/script.TMI/icon.png">ActivateWindow(10025,&quot;plugin://script.TMI/?info=similarmoviestrakt&id=[%SF%]&amp;sf_options=fanart%3Dspecial%3A%2F%2Fhome%2Faddons%2Fscript.TMI%2Ffanart.jpg&amp;desc%3DEIM.Trakt+-+Similar+Movies+from+Trakt%26_options_sf&quot;,return)</favourite>
	<favourite name="TMI- Movies in same Set (Dbid)" thumb="special://home/addons/script.TMI/icon.png">ActivateWindow(10025,&quot;plugin://script.TMI/?info=set&dbid=[%SF%]&amp;sf_options=fanart%3Dspecial%3A%2F%2Fhome%2Faddons%2Fscript.TMI%2Ffanart.jpg&amp;desc%3DEIM+-+Movies+in+same+set+(Only+for+movies+in+local+library)%26_options_sf&quot;,return)</favourite>
	<favourite name="TMI- Lists Containing Movie (Dbid/IMDbid/TMDbid)" thumb="special://home/addons/script.TMI/icon.png">ActivateWindow(10025,&quot;plugin://script.TMI/?info=movielists&id=[%SF%]&amp;sf_options=fanart%3Dspecial%3A%2F%2Fhome%2Faddons%2Fscript.TMI%2Ffanart.jpg&amp;desc%3DEIM+-+Lists+containing+Movie%26_options_sf&quot;,return)</favourite>
	<favourite name="TMI- Movie Keywords (Dbid/IMDbid/TMDbid)" thumb="special://home/addons/script.TMI/icon.png">ActivateWindow(10025,&quot;plugin://script.TMI/?info=keywords&id=[%SF%]&amp;sf_options=fanart%3Dspecial%3A%2F%2Fhome%2Faddons%2Fscript.TMI%2Ffanart.jpg&amp;desc%3DEIM+-+Movie+Keywords%26_options_sf&quot;,return)</favourite>
	<favourite name="TMI- Similar TVShows (TMDb)(Dbid/IMDbid/TVDbid)" thumb="special://home/addons/script.TMI/icon.png">ActivateWindow(10025,&quot;plugin://script.TMI/?info=similartvshows&id=[%SF%]&amp;sf_options=fanart%3Dspecial%3A%2F%2Fhome%2Faddons%2Fscript.TMI%2Ffanart.jpg&amp;desc%3DEIM.TMDb+-+Similar+TVShows+from+TheMovieDb%26_options_sf&quot;,return)</favourite></favourites>
	<favourite name="TMI- Similar TVShows (Trakt)(Dbid/IMDbid/TVDbid)" thumb="special://home/addons/script.TMI/icon.png">ActivateWindow(10025,&quot;plugin://script.TMI/?info=similartvshowstrakt&id=[%SF%]&amp;sf_options=fanart%3Dspecial%3A%2F%2Fhome%2Faddons%2Fscript.TMI%2Ffanart.jpg&amp;desc%3DEIM.Trakt+-+Similar+TVShows+from+Trakt%26_options_sf&quot;,return)</favourite>
	<favourite name="TMI- Studio (Id)" thumb="special://home/addons/script.TMI/icon.png">ActivateWindow(10025,&quot;plugin://script.TMI/?info=studio&id=[%SF%]&amp;sf_options=fanart%3Dspecial%3A%2F%2Fhome%2Faddons%2Fscript.TMI%2Ffanart.jpg&amp;desc%3DEIM+-+Search+Studio+by+id%26_options_sf&quot;,return)</favourite>
	<favourite name="TMI- Studio (Name)" thumb="special://home/addons/script.TMI/icon.png">ActivateWindow(10025,&quot;plugin://script.TMI/?info=studio&studio=[%SF%]&amp;sf_options=fanart%3Dspecial%3A%2F%2Fhome%2Faddons%2Fscript.TMI%2Ffanart.jpg&amp;desc%3DEIM+-+Search+Studio+by+Name%26_options_sf&quot;,return)</favourite>
	<favourite name="TMI- [%SF%] - Discography" thumb="special://home/addons/script.TMI/icon.png">ActivateWindow(10501,&quot;plugin://script.TMI/?info=discography&artistname=[%SF%]&amp;sf_options=fanart%3Dspecial%3A%2F%2Fhome%2Faddons%2Fscript.TMI%2Ffanart.jpg&amp;desc%3DEIM+-+[%SF%]+-Discography%26_options_sf&quot;,return)</favourite>
	<favourite name="TMI- [%SF%] - Most Loved Tracks" thumb="special://home/addons/script.TMI/icon.png">ActivateWindow(10501,&quot;plugin://script.TMI/?info=mostlovedtracks&artistname=[%SF%]&amp;sf_options=fanart%3Dspecial%3A%2F%2Fhome%2Faddons%2Fscript.TMI%2Ffanart.jpg&amp;desc%3DEIM+-+[%SF%]+-+Most+Loved+Tracks%26_options_sf&quot;,return)</favourite>
	<favourite name="TMI- Similar Artists in Local Library (MBid)" thumb="special://home/addons/script.TMI/icon.png">ActivateWindow(10501,&quot;plugin://script.TMI/?info=similarartistsinlibrary&artist_mbid=[%SF%]&amp;sf_options=fanart%3Dspecial%3A%2F%2Fhome%2Faddons%2Fscript.TMI%2Ffanart.jpg&amp;desc%3DEIM+-+Similar+Artists+in+local+library%26_options_sf&quot;,return)</favourite>
	<favourite name="TMI- Artist Events (MBid)" thumb="special://home/addons/script.TMI/icon.png">ActivateWindow(10501,&quot;plugin://script.TMI/?info=artistevents&artist_mbid=[%SF%]&amp;sf_options=fanart%3Dspecial%3A%2F%2Fhome%2Faddons%2Fscript.TMI%2Ffanart.jpg&amp;desc%3DEIM+-+Events+featuring+Artists+in+local+library%26_options_sf&quot;,return)</favourite>
	<favourite name="TMI- Director Movies (Name)" thumb="special://home/addons/script.TMI/icon.png">ActivateWindow(10025,&quot;plugin://script.TMI/?info=directormovies&director=[%SF%]&amp;sf_options=fanart%3Dspecial%3A%2F%2Fhome%2Faddons%2Fscript.TMI%2Ffanart.jpg&amp;desc%3DEIM.TMDb+-+Movies+by+Director:+[%SF%]%26_options_sf&quot;,return)</favourite>
	<favourite name="TMI- Writer Movies (Name)" thumb="special://home/addons/script.TMI/icon.png">ActivateWindow(10025,&quot;plugin://script.TMI/?info=writermovies&writer=[%SF%]&amp;sf_options=fanart%3Dspecial%3A%2F%2Fhome%2Faddons%2Fscript.TMI%2Ffanart.jpg&amp;desc%3DEIM.TMDb+-+Movies+by+Director:+[%SF%]%26_options_sf&quot;,return)</favourite>
	<favourite name="TMI- Movie Trailer (TMDbid)" thumb="special://home/addons/script.TMI/icon.png">RunScript(script.TMI,info=playtrailer,id=19995)sf_options=fanart%3Dspecial%3A%2F%2Fhome%2Faddons%2Fscript.TMI%2Ffanart.jpg&amp;desc%3DEIM+-+TMI+Info+for+Artist:+[%SF%]%26_options_sf</favourite>
	<favourite name="TMI- Movie Trailer (TMDbid)" thumb="special://home/addons/script.TMI/icon.png">ActivateWindow(10025,&quot;plugin://script.TMI/?info=playtrailer&id=[%SF%]&amp;sf_options=fanart%3Dspecial%3A%2F%2Fhome%2Faddons%2Fscript.TMI%2Ffanart.jpg&amp;desc%3DEIM+-+TMI+Info+for+Artist:+[%SF%]%26_options_sf&quot;,return)</favourite>
	<favourite name="TMI- Movie Trailer (IMDbid)" thumb="special://home/addons/script.TMI/icon.png">ActivateWindow(10025,&quot;plugin://script.TMI/?info=playtrailer&imdb_id=[%SF%]&amp;sf_options=fanart%3Dspecial%3A%2F%2Fhome%2Faddons%2Fscript.TMI%2Ffanart.jpg&amp;desc%3DEIM+-+TMI+Info+for+Artist:+[%SF%]%26_options_sf&quot;,return)</favourite>
	<favourite name="TMI- Movie Trailer (Dbid)" thumb="special://home/addons/script.TMI/icon.png">ActivateWindow(10025,&quot;plugin://script.TMI/?info=playtrailer&dbid=[%SF%]&amp;sf_options=fanart%3Dspecial%3A%2F%2Fhome%2Faddons%2Fscript.TMI%2Ffanart.jpg&amp;desc%3DEIM+-+TMI+Info+for+Artist:+[%SF%]%26_options_sf&quot;,return)</favourite>
	<favourite name="TMI- TVShow Trailer (TMDbid)" thumb="special://home/addons/script.TMI/icon.png">ActivateWindow(10025,&quot;plugin://script.TMI/?info=playtvtrailer&id=[%SF%]&amp;sf_options=fanart%3Dspecial%3A%2F%2Fhome%2Faddons%2Fscript.TMI%2Ffanart.jpg&amp;desc%3DEIM+-+TMI+Info+for+Info+for+Album:+[%SF%]%26_options_sf&quot;,return)</favourite>
	<favourite name="TMI- TVShow Trailer (TVDbid)" thumb="special://home/addons/script.TMI/icon.png">ActivateWindow(10025,&quot;plugin://script.TMI/?info=playtvtrailer&tvdb_id=[%SF%]&amp;sf_options=fanart%3Dspecial%3A%2F%2Fhome%2Faddons%2Fscript.TMI%2Ffanart.jpg&amp;desc%3DEIM+-+TMI+Info+for+Info+for+Album:+[%SF%]%26_options_sf&quot;,return)</favourite>
	<favourite name="TMI- TVShow Trailer (Dbid)" thumb="special://home/addons/script.TMI/icon.png">ActivateWindow(10025,&quot;plugin://script.TMI/?info=playtvtrailer&dbid=1&amp;sf_options=fanart%3Dspecial%3A%2F%2Fhome%2Faddons%2Fscript.TMI%2Ffanart.jpg&amp;desc%3DEIM+-+TMI+Info+for+Info+for+Album:+[%SF%]%26_options_sf&quot;,return)</favourite>
	<favourite name="TMI- Extended Artist Info (Title)" thumb="special://home/addons/script.TMI/icon.png">ActivateWindow(10501,&quot;plugin://script.TMI/?info=artistdetails&artistname=[%SF%]&amp;sf_options=fanart%3Dspecial%3A%2F%2Fhome%2Faddons%2Fscript.TMI%2Ffanart.jpg&amp;desc%3DEIM+-+TMI+Info+for+Artist:+[%SF%]%26_options_sf&quot;,return)</favourite>
	<favourite name="TMI- Extended Album Info (Title)" thumb="special://home/addons/script.TMI/icon.png">ActivateWindow(10501,&quot;plugin://script.TMI/?info=albumdetails&id=[%SF%]&amp;sf_options=fanart%3Dspecial%3A%2F%2Fhome%2Faddons%2Fscript.TMI%2Ffanart.jpg&amp;desc%3DEIM+-+TMI+Info+for+Info+for+Album:+[%SF%]%26_options_sf&quot;,return)</favourite>
	<favourite name="TMI- Extended Movie Info (Title)" thumb="special://home/addons/script.TMI/icon.png">ActivateWindow(10025,&quot;plugin://script.TMI/?info=extendedinfo&name=[%SF%]&amp;sf_options=fanart%3Dspecial%3A%2F%2Fhome%2Faddons%2Fscript.TMI%2Ffanart.jpg&amp;desc%3DEIM+-+TMI+Info+for+Movie:+[%SF%]%26_options_sf&quot;,return)</favourite>
	<favourite name="TMI- Extended TVShow Info (Title)" thumb="special://home/addons/script.TMI/icon.png">ActivateWindow(10025,&quot;plugin://script.TMI/?info=extendedtvinfo&name=[%SF%]&amp;sf_options=fanart%3Dspecial%3A%2F%2Fhome%2Faddons%2Fscript.TMI%2Ffanart.jpg&amp;desc%3DEIM+-+TMI+Info+for+TVShow:+[%SF%]%26_options_sf&quot;,return)</favourite>
	<favourite name="TMI- Extended Actor Info (Title)" thumb="special://home/addons/script.TMI/icon.png">ActivateWindow(10002,&quot;plugin://script.TMI/?info=extendedactorinfo&name=[%SF%]&amp;sf_options=fanart%3Dspecial%3A%2F%2Fhome%2Faddons%2Fscript.TMI%2Ffanart.jpg&amp;desc%3DEIM+-+TMI+Info+for+Actor:+[%SF%]%26_options_sf&quot;,return)</favourite>
	<favourite name="TMI- Youtube Channel" thumb="special://home/addons/script.TMI/icon.png">ActivateWindow(10025,&quot;plugin://script.TMI/?info=list&type=channel&query=[%SF%]&amp;sf_options=fanart%3Dspecial%3A%2F%2Fhome%2Faddons%2Fscript.TMI%2Ffanart.jpg&amp;desc%3DEIM+-+Search+Youtube+for+User++with+query:+[%SF%]%26_options_sf&quot;,return)</favourite>
	<favourite name="TMI- Youtube Playlist" thumb="special://home/addons/script.TMI/icon.png">ActivateWindow(10025,&quot;plugin://script.TMI/?info=list&type=playlist&query=[%SF%]&amp;sf_options=fanart%3Dspecial%3A%2F%2Fhome%2Faddons%2Fscript.TMI%2Ffanart.jpg&amp;desc%3DEIM+-+Search+Youtube+for+Playlists++with+query:+[%SF%]%26_options_sf&quot;,return)</favourite>
	<favourite name="TMI- Youtube Video" thumb="special://home/addons/script.TMI/icon.png">ActivateWindow(10025,&quot;plugin://script.TMI/?info=list&type=video&query=[%SF%]&amp;sf_options=fanart%3Dspecial%3A%2F%2Fhome%2Faddons%2Fscript.TMI%2Ffanart.jpg&amp;desc%3DEIM+-+Search+Youtube+with+query:+[%SF%]%26_options_sf&quot;,return)</favourite>
	<favourite name="TMI- YoutubePlaylist" thumb="special://home/addons/script.TMI/icon.png">ActivateWindow(10025,&quot;plugin://script.TMI/?info=youtubeplaylist&id=[%SF%]&amp;sf_options=fanart%3Dspecial%3A%2F%2Fhome%2Faddons%2Fscript.TMI%2Ffanart.jpg&amp;desc%3DEIM+-+Search+Youtube+for+Playlists++with+query:+[%SF%]%26_options_sf&quot;,return)</favourite>
	<favourite name="TMI- YoutubeSearch" thumb="special://home/addons/script.TMI/icon.png">ActivateWindow(10025,&quot;plugin://script.TMI/?info=youtubesearch&id=[%SF%]&amp;sf_options=fanart%3Dspecial%3A%2F%2Fhome%2Faddons%2Fscript.TMI%2Ffanart.jpg&amp;desc%3DEIM+-+Search+Youtube+with+query:+[%SF%]%26_options_sf&quot;,return)</favourite>
	<favourite name="TMI- YoutubeUserSearch" thumb="special://home/addons/script.TMI/icon.png">ActivateWindow(10025,&quot;plugin://script.TMI/?info=youtubeusersearch&id=[%SF%]&amp;sf_options=fanart%3Dspecial%3A%2F%2Fhome%2Faddons%2Fscript.TMI%2Ffanart.jpg&amp;desc%3DEIM+-+Search+Youtube+for+User++with+query:+[%SF%]%26_options_sf&quot;,return)</favourite>
	<favourite name="TMI- Weather" thumb="special://home/addons/script.TMI/icon.png">ActivateWindow(10002,&quot;plugin://script.TMI/?info=weather&amp;sf_options=fanart%3Dspecial%3A%2F%2Fhome%2Faddons%2Fscript.TMI%2Ffanart.jpg&amp;desc%3DEIM+-+Browse+TMI+Info+Favourites%26_options_sf&quot;,return)</favourite>
	<favourite name="TMI- Top Artists' Near Events" thumb="special://home/addons/script.TMI/icon.png">ActivateWindow(10025,&quot;plugin://script.TMI/?info=topartistsnearevents&amp;sf_options=fanart%3Dspecial%3A%2F%2Fhome%2Faddons%2Fscript.TMI%2Ffanart.jpg&amp;desc%3DEIM+-+Search+for+near+events+from+Top+Artist%26_options_sf&quot;,return)</favourite>
	<favourite name="TMI- Venue Events" thumb="special://home/addons/script.TMI/icon.png">ActivateWindow(10025,&quot;plugin://script.TMI/?info=venueevents&location=[%SF%]&amp;sf_options=fanart%3Dspecial%3A%2F%2Fhome%2Faddons%2Fscript.TMI%2Ffanart.jpg&amp;desc%3DEIM+-+Search+[%SF%]+for+events%26_options_sf&quot;,return)</favourite>
	<favourite name="TMI- Track Info (Needs Artist & Trackname)" thumb="special://home/addons/script.TMI/icon.png">ActivateWindow(10025,&quot;plugin://script.TMI/?info=trackinfo&artistname=[%SF%]&trackname=[%SF%]&amp;sf_options=fanart%3Dspecial%3A%2F%2Fhome%2Faddons%2Fscript.TMI%2Ffanart.jpg&amp;desc%3DEIM+-+Search+for+info+about+track:+[%SF%]%26_options_sf&quot;,return)</favourite>
	<favourite name="TMI- Near Events" thumb="special://home/addons/script.TMI/icon.png">ActivateWindow(10025,&quot;plugin://script.TMI/?info=nearevents&location=[%SF%]&amp;sf_options=fanart%3Dspecial%3A%2F%2Fhome%2Faddons%2Fscript.TMI%2Ffanart.jpg&amp;desc%3DEIM+-+Search+for+events+near:+[%SF%]%26_options_sf&quot;,return)</favourite>
</favourites>