<xml>
  <plugin>
    <name>The One-Man Band</name>
    <link>plugin://script.extendedinfo?info=wraith&id=49280</link>
  </plugin>
  <plugin>
    <name>Jeanne d'Arc</name>
    <link>plugin://script.extendedinfo?info=wraith&id=106030</link>
  </plugin>
  <plugin>
    <name>The Rajah's Dream or The Bewitched Wood</name>
    <link>plugin://script.extendedinfo?info=wraith&id=106031</link>
  </plugin>
  <plugin>
    <name>The Magic Book</name>
    <link>plugin://script.extendedinfo?info=wraith&id=106038</link>
  </plugin>
  <plugin>
    <name>Up-to-Date Spiritualism</name>
    <link>plugin://script.extendedinfo?info=wraith&id=106804</link>
  </plugin>
  <plugin>
    <name>The Christmas Dream</name>
    <link>plugin://script.extendedinfo?info=wraith&id=106806</link>
  </plugin>
  <plugin>
    <name>Going to Bed Under Difficulties</name>
    <link>plugin://script.extendedinfo?info=wraith&id=106809</link>
  </plugin>
  <plugin>
    <name>Pierrette's Escapades</name>
    <link>plugin://script.extendedinfo?info=wraith&id=119975</link>
  </plugin>
  <plugin>
    <name>Uncle Josh's Nightmare</name>
    <link>plugin://script.extendedinfo?info=wraith&id=130046</link>
  </plugin>
  <plugin>
    <name>The Enchanted Drawing</name>
    <link>plugin://script.extendedinfo?info=wraith&id=144432</link>
  </plugin>
  <plugin>
    <name>Let Me Dream Again</name>
    <link>plugin://script.extendedinfo?info=wraith&id=179235</link>
  </plugin>
  <plugin>
    <name>Grandma's Reading Glass</name>
    <link>plugin://script.extendedinfo?info=wraith&id=179236</link>
  </plugin>
  <plugin>
    <name>The Kiss</name>
    <link>plugin://script.extendedinfo?info=wraith&id=193411</link>
  </plugin>
  <plugin>
    <name>A Nymph of the Waves</name>
    <link>plugin://script.extendedinfo?info=wraith&id=195558</link>
  </plugin>
  <plugin>
    <name>Champs de Mars</name>
    <link>plugin://script.extendedinfo?info=wraith&id=195561</link>
  </plugin>
  <plugin>
    <name>The Artist and the Dummy</name>
    <link>plugin://script.extendedinfo?info=wraith&id=195584</link>
  </plugin>
  <plugin>
    <name>Sherlock Holmes Baffled</name>
    <link>plugin://script.extendedinfo?info=wraith&id=195620</link>
  </plugin>
  <plugin>
    <name>Le duel d'Hamlet</name>
    <link>plugin://script.extendedinfo?info=wraith&id=195626</link>
  </plugin>
  <plugin>
    <name>Cyrano de Bergerac</name>
    <link>plugin://script.extendedinfo?info=wraith&id=195635</link>
  </plugin>
  <plugin>
    <name>Après le lancement: sortie des invités et du public</name>
    <link>plugin://script.extendedinfo?info=wraith&id=197026</link>
  </plugin>
