<xml>

<plugin>
   <title>Scary Movie</title>
   <link>plugin://script.extendedinfo?info=extendedinfo&id=4247</link>
   <thumbnail>https://image.tmdb.org/t/p/w1280/bvVmVFBVQLytK1H4TJTFdnhvf4T.jpg</thumbnail>
   <fanart>https://image.tmdb.org/t/p/w1280/bvVmVFBVQLytK1H4TJTFdnhvf4T.jpg</fanart>
</plugin>

<plugin>
   <title>Gladiator</title>
   <link>plugin://script.extendedinfo?info=extendedinfo&id=98</link>
   <thumbnail>https://image.tmdb.org/t/p/w1280/6WBIzCgmDCYrqh64yDREGeDk9d3.jpg</thumbnail>
   <fanart>https://image.tmdb.org/t/p/w1280/6WBIzCgmDCYrqh64yDREGeDk9d3.jpg</fanart>
</plugin>

<plugin>
   <title>Mission: Impossible II</title>
   <link>plugin://script.extendedinfo?info=extendedinfo&id=955</link>
   <thumbnail>https://image.tmdb.org/t/p/w1280/eRaEC0vf5q5TSvaoJPwGTt2wa9T.jpg</thumbnail>
   <fanart>https://image.tmdb.org/t/p/w1280/eRaEC0vf5q5TSvaoJPwGTt2wa9T.jpg</fanart>
</plugin>

<plugin>
   <title>Memento</title>
   <link>plugin://script.extendedinfo?info=extendedinfo&id=77</link>
   <thumbnail>https://image.tmdb.org/t/p/w1280/fQMSaP88cf1nz4qwuNEEFtazuDM.jpg</thumbnail>
   <fanart>https://image.tmdb.org/t/p/w1280/fQMSaP88cf1nz4qwuNEEFtazuDM.jpg</fanart>
</plugin>

<plugin>
   <title>American Psycho</title>
   <link>plugin://script.extendedinfo?info=extendedinfo&id=1359</link>
   <thumbnail>https://image.tmdb.org/t/p/w1280/qXsylPM4Lr5397R3eHrfqHhTUNc.jpg</thumbnail>
   <fanart>https://image.tmdb.org/t/p/w1280/qXsylPM4Lr5397R3eHrfqHhTUNc.jpg</fanart>
</plugin>

<plugin>
   <title>Cast Away</title>
   <link>plugin://script.extendedinfo?info=extendedinfo&id=8358</link>
   <thumbnail>https://image.tmdb.org/t/p/w1280/w515BrZvczKIxbHurG6HIiYYrba.jpg</thumbnail>
   <fanart>https://image.tmdb.org/t/p/w1280/w515BrZvczKIxbHurG6HIiYYrba.jpg</fanart>
</plugin>

<plugin>
   <title>Coyote Ugly</title>
   <link>plugin://script.extendedinfo?info=extendedinfo&id=6282</link>
   <thumbnail>https://image.tmdb.org/t/p/w1280/15A92dWMP4anntYpAQ0Mzq7wtru.jpg</thumbnail>
   <fanart>https://image.tmdb.org/t/p/w1280/15A92dWMP4anntYpAQ0Mzq7wtru.jpg</fanart>
</plugin>

<plugin>
   <title>Hollow Man</title>
   <link>plugin://script.extendedinfo?info=extendedinfo&id=9383</link>
   <thumbnail>https://image.tmdb.org/t/p/w1280/gBQyPpUztIJWt2Q6r1wTqcYeo6x.jpg</thumbnail>
   <fanart>https://image.tmdb.org/t/p/w1280/gBQyPpUztIJWt2Q6r1wTqcYeo6x.jpg</fanart>
</plugin>

<plugin>
   <title>The Patriot</title>
   <link>plugin://script.extendedinfo?info=extendedinfo&id=2024</link>
   <thumbnail>https://image.tmdb.org/t/p/w1280/tgXOraQmKatqrVs2KMgnNn6QpO.jpg</thumbnail>
   <fanart>https://image.tmdb.org/t/p/w1280/tgXOraQmKatqrVs2KMgnNn6QpO.jpg</fanart>
</plugin>

<plugin>
   <title>Big Momma&apos;s House</title>
   <link>plugin://script.extendedinfo?info=extendedinfo&id=9600</link>
   <thumbnail>https://image.tmdb.org/t/p/w1280/bse0uwxF6daKzDbxZki1SYRNZkI.jpg</thumbnail>
   <fanart>https://image.tmdb.org/t/p/w1280/bse0uwxF6daKzDbxZki1SYRNZkI.jpg</fanart>
</plugin>

<plugin>
   <title>Unbreakable</title>
   <link>plugin://script.extendedinfo?info=extendedinfo&id=9741</link>
   <thumbnail>https://image.tmdb.org/t/p/w1280/pvL37V88plePxFSszCbV3wRHiBm.jpg</thumbnail>
   <fanart>https://image.tmdb.org/t/p/w1280/pvL37V88plePxFSszCbV3wRHiBm.jpg</fanart>
</plugin>

<plugin>
   <title>The Perfect Storm</title>
   <link>plugin://script.extendedinfo?info=extendedinfo&id=2133</link>
   <thumbnail>https://image.tmdb.org/t/p/w1280/uARMPDyjiENKyUz7JRmQmLCH8L5.jpg</thumbnail>
   <fanart>https://image.tmdb.org/t/p/w1280/uARMPDyjiENKyUz7JRmQmLCH8L5.jpg</fanart>
</plugin>

<plugin>
   <title>Charlie&apos;s Angels</title>
   <link>plugin://script.extendedinfo?info=extendedinfo&id=4327</link>
   <thumbnail>https://image.tmdb.org/t/p/w1280/eBzf9d09Vgq2HSVC4fIZm1QNQd.jpg</thumbnail>
   <fanart>https://image.tmdb.org/t/p/w1280/eBzf9d09Vgq2HSVC4fIZm1QNQd.jpg</fanart>
</plugin>

<plugin>
   <title>Crouching Tiger, Hidden Dragon</title>
   <link>plugin://script.extendedinfo?info=extendedinfo&id=146</link>
   <thumbnail>https://image.tmdb.org/t/p/w1280/3yYPhffQRuy45HlNabFxNLyP9mg.jpg</thumbnail>
   <fanart>https://image.tmdb.org/t/p/w1280/3yYPhffQRuy45HlNabFxNLyP9mg.jpg</fanart>
</plugin>

<plugin>
   <title>Chicken Run</title>
   <link>plugin://script.extendedinfo?info=extendedinfo&id=7443</link>
   <thumbnail>https://image.tmdb.org/t/p/w1280/z0MafJgUnVyVbczicYMkPKKHkBi.jpg</thumbnail>
   <fanart>https://image.tmdb.org/t/p/w1280/z0MafJgUnVyVbczicYMkPKKHkBi.jpg</fanart>
</plugin>

<plugin>
   <title>The Emperor&apos;s New Groove</title>
   <link>plugin://script.extendedinfo?info=extendedinfo&id=11688</link>
   <thumbnail>https://image.tmdb.org/t/p/w1280/rbgOxT446Wb0c4dJC4iLKgxtW1U.jpg</thumbnail>
   <fanart>https://image.tmdb.org/t/p/w1280/rbgOxT446Wb0c4dJC4iLKgxtW1U.jpg</fanart>
</plugin>

<plugin>
   <title>Dinosaur</title>
   <link>plugin://script.extendedinfo?info=extendedinfo&id=10567</link>
   <thumbnail>https://image.tmdb.org/t/p/w1280/jZDp3C5howi40aCeqXDJliodXk9.jpg</thumbnail>
   <fanart>https://image.tmdb.org/t/p/w1280/jZDp3C5howi40aCeqXDJliodXk9.jpg</fanart>
</plugin>

<plugin>
   <title>Final Destination</title>
   <link>plugin://script.extendedinfo?info=extendedinfo&id=9532</link>
   <thumbnail>https://image.tmdb.org/t/p/w1280/nW6JfCIWqUpIESlras0nrVy4pCl.jpg</thumbnail>
   <fanart>https://image.tmdb.org/t/p/w1280/nW6JfCIWqUpIESlras0nrVy4pCl.jpg</fanart>
</plugin>

<plugin>
   <title>O Brother, Where Art Thou?</title>
   <link>plugin://script.extendedinfo?info=extendedinfo&id=134</link>
   <thumbnail>https://image.tmdb.org/t/p/w1280/eIqSzq6j3yuxNmifiUOh6iTpG9N.jpg</thumbnail>
   <fanart>https://image.tmdb.org/t/p/w1280/eIqSzq6j3yuxNmifiUOh6iTpG9N.jpg</fanart>
</plugin>

<plugin>
   <title>Joseph: King of Dreams</title>
   <link>plugin://script.extendedinfo?info=extendedinfo&id=16366</link>
   <thumbnail>https://image.tmdb.org/t/p/w1280/dsL5nngGY8qTmXxtAamMUYVQDY3.jpg</thumbnail>
   <fanart>https://image.tmdb.org/t/p/w1280/dsL5nngGY8qTmXxtAamMUYVQDY3.jpg</fanart>
</plugin>

</xml>