<xml>

<plugin>
   <title>Harry Potter and the Philosopher&apos;s Stone</title>
   <link>plugin://script.extendedinfo?info=extendedinfo&id=671</link>
   <thumbnail>https://image.tmdb.org/t/p/w1280/dCtFvscYcXQKTNvyyaQr2g2UacJ.jpg</thumbnail>
   <fanart>https://image.tmdb.org/t/p/w1280/dCtFvscYcXQKTNvyyaQr2g2UacJ.jpg</fanart>
</plugin>

<plugin>
   <title>The Lord of the Rings: The Fellowship of the Ring</title>
   <link>plugin://script.extendedinfo?info=extendedinfo&id=120</link>
   <thumbnail>https://image.tmdb.org/t/p/w1280/bi9JddwTwBt3ixGLAiMAF7OXMbV.jpg</thumbnail>
   <fanart>https://image.tmdb.org/t/p/w1280/bi9JddwTwBt3ixGLAiMAF7OXMbV.jpg</fanart>
</plugin>

<plugin>
   <title>Black Hawk Down</title>
   <link>plugin://script.extendedinfo?info=extendedinfo&id=855</link>
   <thumbnail>https://image.tmdb.org/t/p/w1280/yUzQ4r3q1Dy0bUAkMvUIwf0rPpR.jpg</thumbnail>
   <fanart>https://image.tmdb.org/t/p/w1280/yUzQ4r3q1Dy0bUAkMvUIwf0rPpR.jpg</fanart>
</plugin>

<plugin>
   <title>Spirited Away</title>
   <link>plugin://script.extendedinfo?info=extendedinfo&id=129</link>
   <thumbnail>https://image.tmdb.org/t/p/w1280/dL11DBPcRhWWnJcFXl9A07MrqTI.jpg</thumbnail>
   <fanart>https://image.tmdb.org/t/p/w1280/dL11DBPcRhWWnJcFXl9A07MrqTI.jpg</fanart>
</plugin>

<plugin>
   <title>Monsters, Inc.</title>
   <link>plugin://script.extendedinfo?info=extendedinfo&id=585</link>
   <thumbnail>https://image.tmdb.org/t/p/w1280/93Y9BGx8blzmZOPSoivkFfaifqU.jpg</thumbnail>
   <fanart>https://image.tmdb.org/t/p/w1280/93Y9BGx8blzmZOPSoivkFfaifqU.jpg</fanart>
</plugin>

<plugin>
   <title>Shrek</title>
   <link>plugin://script.extendedinfo?info=extendedinfo&id=808</link>
   <thumbnail>https://image.tmdb.org/t/p/w1280/140ewbWv8qHStD3mlBDvvGd0Zvu.jpg</thumbnail>
   <fanart>https://image.tmdb.org/t/p/w1280/140ewbWv8qHStD3mlBDvvGd0Zvu.jpg</fanart>
</plugin>

<plugin>
   <title>Donnie Darko</title>
   <link>plugin://script.extendedinfo?info=extendedinfo&id=141</link>
   <thumbnail>https://image.tmdb.org/t/p/w1280/nmb4QhCRmdfNP6rgb81yUFgI83l.jpg</thumbnail>
   <fanart>https://image.tmdb.org/t/p/w1280/nmb4QhCRmdfNP6rgb81yUFgI83l.jpg</fanart>
</plugin>

<plugin>
   <title>The Princess Diaries</title>
   <link>plugin://script.extendedinfo?info=extendedinfo&id=9880</link>
   <thumbnail>https://image.tmdb.org/t/p/w1280/sxpvHk286sXLJWcFrBMNIsXbYsd.jpg</thumbnail>
   <fanart>https://image.tmdb.org/t/p/w1280/sxpvHk286sXLJWcFrBMNIsXbYsd.jpg</fanart>
</plugin>

<plugin>
   <title>Lara Croft: Tomb Raider</title>
   <link>plugin://script.extendedinfo?info=extendedinfo&id=1995</link>
   <thumbnail>https://image.tmdb.org/t/p/w1280/m6aodY7SrvlTRiUFkxClaNAIQT.jpg</thumbnail>
   <fanart>https://image.tmdb.org/t/p/w1280/m6aodY7SrvlTRiUFkxClaNAIQT.jpg</fanart>
</plugin>

<plugin>
   <title>American Pie 2</title>
   <link>plugin://script.extendedinfo?info=extendedinfo&id=2770</link>
   <thumbnail>https://image.tmdb.org/t/p/w1280/q4LNgUnRfltxzp3gf1MAGiK5LhV.jpg</thumbnail>
   <fanart>https://image.tmdb.org/t/p/w1280/q4LNgUnRfltxzp3gf1MAGiK5LhV.jpg</fanart>
</plugin>

<plugin>
   <title>A.I. Artificial Intelligence</title>
   <link>plugin://script.extendedinfo?info=extendedinfo&id=644</link>
   <thumbnail>https://image.tmdb.org/t/p/w1280/wnUAcUrMRGPPZUDroLeZhSjLkuu.jpg</thumbnail>
   <fanart>https://image.tmdb.org/t/p/w1280/wnUAcUrMRGPPZUDroLeZhSjLkuu.jpg</fanart>
</plugin>

<plugin>
   <title>Amélie</title>
   <link>plugin://script.extendedinfo?info=extendedinfo&id=194</link>
   <thumbnail>https://image.tmdb.org/t/p/w1280/f0uorE7K7ggHfr8r7pUTOHWkOlE.jpg</thumbnail>
   <fanart>https://image.tmdb.org/t/p/w1280/f0uorE7K7ggHfr8r7pUTOHWkOlE.jpg</fanart>
</plugin>

<plugin>
   <title>Ocean&apos;s Eleven</title>
   <link>plugin://script.extendedinfo?info=extendedinfo&id=161</link>
   <thumbnail>https://image.tmdb.org/t/p/w1280/o0h76DVXvk5OKjmNez5YY0GODC2.jpg</thumbnail>
   <fanart>https://image.tmdb.org/t/p/w1280/o0h76DVXvk5OKjmNez5YY0GODC2.jpg</fanart>
</plugin>

<plugin>
   <title>Swordfish</title>
   <link>plugin://script.extendedinfo?info=extendedinfo&id=9705</link>
   <thumbnail>https://image.tmdb.org/t/p/w1280/uJdI3eau8BHgTsrUbAeccnKn0ez.jpg</thumbnail>
   <fanart>https://image.tmdb.org/t/p/w1280/uJdI3eau8BHgTsrUbAeccnKn0ez.jpg</fanart>
</plugin>

<plugin>
   <title>Planet of the Apes</title>
   <link>plugin://script.extendedinfo?info=extendedinfo&id=869</link>
   <thumbnail>https://image.tmdb.org/t/p/w1280/uHp6PTo7SCrqdH5wCSrCCf8EQFX.jpg</thumbnail>
   <fanart>https://image.tmdb.org/t/p/w1280/uHp6PTo7SCrqdH5wCSrCCf8EQFX.jpg</fanart>
</plugin>

<plugin>
   <title>The Mummy Returns</title>
   <link>plugin://script.extendedinfo?info=extendedinfo&id=1734</link>
   <thumbnail>https://image.tmdb.org/t/p/w1280/hioiYUZVIuYIhagDGhIAjyNEUu0.jpg</thumbnail>
   <fanart>https://image.tmdb.org/t/p/w1280/hioiYUZVIuYIhagDGhIAjyNEUu0.jpg</fanart>
</plugin>

<plugin>
   <title>Atlantis: The Lost Empire</title>
   <link>plugin://script.extendedinfo?info=extendedinfo&id=10865</link>
   <thumbnail>https://image.tmdb.org/t/p/w1280/9kbLIQEj99g5Hb9g1IG3VNdtt3h.jpg</thumbnail>
   <fanart>https://image.tmdb.org/t/p/w1280/9kbLIQEj99g5Hb9g1IG3VNdtt3h.jpg</fanart>
</plugin>

<plugin>
   <title>A Beautiful Mind</title>
   <link>plugin://script.extendedinfo?info=extendedinfo&id=453</link>
   <thumbnail>https://image.tmdb.org/t/p/w1280/4SFqHDZ1NvWdysucWbgnYlobdxC.jpg</thumbnail>
   <fanart>https://image.tmdb.org/t/p/w1280/4SFqHDZ1NvWdysucWbgnYlobdxC.jpg</fanart>
</plugin>

<plugin>
   <title>Blow</title>
   <link>plugin://script.extendedinfo?info=extendedinfo&id=4133</link>
   <thumbnail>https://image.tmdb.org/t/p/w1280/yCLLbZzAa7jreGus7pvjZmL0bj7.jpg</thumbnail>
   <fanart>https://image.tmdb.org/t/p/w1280/yCLLbZzAa7jreGus7pvjZmL0bj7.jpg</fanart>
</plugin>

<plugin>
   <title>Not Another Teen Movie</title>
   <link>plugin://script.extendedinfo?info=extendedinfo&id=11397</link>
   <thumbnail>https://image.tmdb.org/t/p/w1280/lUUyU80dWllaya1WhskDZKW6uHq.jpg</thumbnail>
   <fanart>https://image.tmdb.org/t/p/w1280/lUUyU80dWllaya1WhskDZKW6uHq.jpg</fanart>
</plugin>

</xml>