<xml>

<plugin>
   <title>Ice Age</title>
   <link>plugin://script.extendedinfo?info=extendedinfo&id=425</link>
   <thumbnail>https://image.tmdb.org/t/p/w1280/zpaQwR0YViPd83bx1e559QyZ35i.jpg</thumbnail>
   <fanart>https://image.tmdb.org/t/p/w1280/zpaQwR0YViPd83bx1e559QyZ35i.jpg</fanart>
</plugin>

<plugin>
   <title>Spider-Man</title>
   <link>plugin://script.extendedinfo?info=extendedinfo&id=557</link>
   <thumbnail>https://image.tmdb.org/t/p/w1280/rZd0y1X1Gw4t5B3f01Qzj8DYY66.jpg</thumbnail>
   <fanart>https://image.tmdb.org/t/p/w1280/rZd0y1X1Gw4t5B3f01Qzj8DYY66.jpg</fanart>
</plugin>

<plugin>
   <title>The Lord of the Rings: The Two Towers</title>
   <link>plugin://script.extendedinfo?info=extendedinfo&id=121</link>
   <thumbnail>https://image.tmdb.org/t/p/w1280/5VTN0pR8gcqV3EPUHHfMGnJYN9L.jpg</thumbnail>
   <fanart>https://image.tmdb.org/t/p/w1280/5VTN0pR8gcqV3EPUHHfMGnJYN9L.jpg</fanart>
</plugin>

<plugin>
   <title>Men in Black II</title>
   <link>plugin://script.extendedinfo?info=extendedinfo&id=608</link>
   <thumbnail>https://image.tmdb.org/t/p/w1280/qWjRfBwr4VculczswwojXgoU0mq.jpg</thumbnail>
   <fanart>https://image.tmdb.org/t/p/w1280/qWjRfBwr4VculczswwojXgoU0mq.jpg</fanart>
</plugin>

<plugin>
   <title>Harry Potter and the Chamber of Secrets</title>
   <link>plugin://script.extendedinfo?info=extendedinfo&id=672</link>
   <thumbnail>https://image.tmdb.org/t/p/w1280/sdEOH0992YZ0QSxgXNIGLq1ToUi.jpg</thumbnail>
   <fanart>https://image.tmdb.org/t/p/w1280/sdEOH0992YZ0QSxgXNIGLq1ToUi.jpg</fanart>
</plugin>

<plugin>
   <title>xXx</title>
   <link>plugin://script.extendedinfo?info=extendedinfo&id=7451</link>
   <thumbnail>https://image.tmdb.org/t/p/w1280/fPHNTG1OXFBQ6aEVO7Lv8tSgfrY.jpg</thumbnail>
   <fanart>https://image.tmdb.org/t/p/w1280/fPHNTG1OXFBQ6aEVO7Lv8tSgfrY.jpg</fanart>
</plugin>

<plugin>
   <title>Asterix &amp; Obelix: Mission Cleopatra</title>
   <link>plugin://script.extendedinfo?info=extendedinfo&id=2899</link>
   <thumbnail>https://image.tmdb.org/t/p/w1280/qWy5b64SoBXcMDdfgLyLZgIHSdv.jpg</thumbnail>
   <fanart>https://image.tmdb.org/t/p/w1280/qWy5b64SoBXcMDdfgLyLZgIHSdv.jpg</fanart>
</plugin>

<plugin>
   <title>Catch Me If You Can</title>
   <link>plugin://script.extendedinfo?info=extendedinfo&id=640</link>
   <thumbnail>https://image.tmdb.org/t/p/w1280/MywWCQGJNUr5kivAQ7eseCG7rm.jpg</thumbnail>
   <fanart>https://image.tmdb.org/t/p/w1280/MywWCQGJNUr5kivAQ7eseCG7rm.jpg</fanart>
</plugin>

<plugin>
   <title>Die Another Day</title>
   <link>plugin://script.extendedinfo?info=extendedinfo&id=36669</link>
   <thumbnail>https://image.tmdb.org/t/p/w1280/1iUZqUXS7x5FcGM5J0u01xuObWC.jpg</thumbnail>
   <fanart>https://image.tmdb.org/t/p/w1280/1iUZqUXS7x5FcGM5J0u01xuObWC.jpg</fanart>
</plugin>

<plugin>
   <title>The Scorpion King</title>
   <link>plugin://script.extendedinfo?info=extendedinfo&id=9334</link>
   <thumbnail>https://image.tmdb.org/t/p/w1280/xHHMo8Za53XK8qpsdarrxUoxBwn.jpg</thumbnail>
   <fanart>https://image.tmdb.org/t/p/w1280/xHHMo8Za53XK8qpsdarrxUoxBwn.jpg</fanart>
</plugin>

<plugin>
   <title>The Bourne Identity</title>
   <link>plugin://script.extendedinfo?info=extendedinfo&id=2501</link>
   <thumbnail>https://image.tmdb.org/t/p/w1280/bXQIL36VQdzJ69lcjQR1WQzJqQR.jpg</thumbnail>
   <fanart>https://image.tmdb.org/t/p/w1280/bXQIL36VQdzJ69lcjQR1WQzJqQR.jpg</fanart>
</plugin>

<plugin>
   <title>Minority Report</title>
   <link>plugin://script.extendedinfo?info=extendedinfo&id=180</link>
   <thumbnail>https://image.tmdb.org/t/p/w1280/h3lpltSn7Rj1eYTPQO1lYGdw4Bz.jpg</thumbnail>
   <fanart>https://image.tmdb.org/t/p/w1280/h3lpltSn7Rj1eYTPQO1lYGdw4Bz.jpg</fanart>
</plugin>

<plugin>
   <title>Irreversible</title>
   <link>plugin://script.extendedinfo?info=extendedinfo&id=979</link>
   <thumbnail>https://image.tmdb.org/t/p/w1280/xxgJJmReMLg01aaEIGLUC8JIjmh.jpg</thumbnail>
   <fanart>https://image.tmdb.org/t/p/w1280/xxgJJmReMLg01aaEIGLUC8JIjmh.jpg</fanart>
</plugin>

<plugin>
   <title>Star Wars: Episode II - Attack of the Clones</title>
   <link>plugin://script.extendedinfo?info=extendedinfo&id=1894</link>
   <thumbnail>https://image.tmdb.org/t/p/w1280/2vcNFtrZXNwIcBgH5e2xXCmVR8t.jpg</thumbnail>
   <fanart>https://image.tmdb.org/t/p/w1280/2vcNFtrZXNwIcBgH5e2xXCmVR8t.jpg</fanart>
</plugin>

<plugin>
   <title>8 Mile</title>
   <link>plugin://script.extendedinfo?info=extendedinfo&id=65</link>
   <thumbnail>https://image.tmdb.org/t/p/w1280/dXzTrKwpbLpCqn8O70FUUhNbYQT.jpg</thumbnail>
   <fanart>https://image.tmdb.org/t/p/w1280/dXzTrKwpbLpCqn8O70FUUhNbYQT.jpg</fanart>
</plugin>

<plugin>
   <title>The Transporter</title>
   <link>plugin://script.extendedinfo?info=extendedinfo&id=4108</link>
   <thumbnail>https://image.tmdb.org/t/p/w1280/vD5plFV1ec9CSIsdlPe9icCDRTL.jpg</thumbnail>
   <fanart>https://image.tmdb.org/t/p/w1280/vD5plFV1ec9CSIsdlPe9icCDRTL.jpg</fanart>
</plugin>

<plugin>
   <title>Reign of Fire</title>
   <link>plugin://script.extendedinfo?info=extendedinfo&id=6278</link>
   <thumbnail>https://image.tmdb.org/t/p/w1280/c9FlSkQ0EV2vzln4Bo5NCvzzxWm.jpg</thumbnail>
   <fanart>https://image.tmdb.org/t/p/w1280/c9FlSkQ0EV2vzln4Bo5NCvzzxWm.jpg</fanart>
</plugin>

<plugin>
   <title>Insomnia</title>
   <link>plugin://script.extendedinfo?info=extendedinfo&id=320</link>
   <thumbnail>https://image.tmdb.org/t/p/w1280/zb0D3vfjcPFvuyHp1mFPOIcYJWH.jpg</thumbnail>
   <fanart>https://image.tmdb.org/t/p/w1280/zb0D3vfjcPFvuyHp1mFPOIcYJWH.jpg</fanart>
</plugin>

<plugin>
   <title>Gangs of New York</title>
   <link>plugin://script.extendedinfo?info=extendedinfo&id=3131</link>
   <thumbnail>https://image.tmdb.org/t/p/w1280/ytKo2tLvKUd9Kbs0poXSQh6ft7d.jpg</thumbnail>
   <fanart>https://image.tmdb.org/t/p/w1280/ytKo2tLvKUd9Kbs0poXSQh6ft7d.jpg</fanart>
</plugin>

<plugin>
   <title>Panic Room</title>
   <link>plugin://script.extendedinfo?info=extendedinfo&id=4547</link>
   <thumbnail>https://image.tmdb.org/t/p/w1280/hjkugMBhYjV8ZXgvSnGXI3q7wt7.jpg</thumbnail>
   <fanart>https://image.tmdb.org/t/p/w1280/hjkugMBhYjV8ZXgvSnGXI3q7wt7.jpg</fanart>
</plugin>

</xml>