<xml>

<plugin>
   <title>Pirates of the Caribbean: The Curse of the Black Pearl</title>
   <link>plugin://script.extendedinfo?info=extendedinfo&id=22</link>
   <thumbnail>https://image.tmdb.org/t/p/w1280/tkt9xR1kNX5R9rCebASKck44si2.jpg</thumbnail>
   <fanart>https://image.tmdb.org/t/p/w1280/tkt9xR1kNX5R9rCebASKck44si2.jpg</fanart>
</plugin>

<plugin>
   <title>The Lord of the Rings: The Return of the King</title>
   <link>plugin://script.extendedinfo?info=extendedinfo&id=122</link>
   <thumbnail>https://image.tmdb.org/t/p/w1280/rCzpDGLbOoPwLjy3OAm5NUPOTrC.jpg</thumbnail>
   <fanart>https://image.tmdb.org/t/p/w1280/rCzpDGLbOoPwLjy3OAm5NUPOTrC.jpg</fanart>
</plugin>

<plugin>
   <title>Finding Nemo</title>
   <link>plugin://script.extendedinfo?info=extendedinfo&id=12</link>
   <thumbnail>https://image.tmdb.org/t/p/w1280/syPWyeeqzTQIxjIUaIFI7d0TyEY.jpg</thumbnail>
   <fanart>https://image.tmdb.org/t/p/w1280/syPWyeeqzTQIxjIUaIFI7d0TyEY.jpg</fanart>
</plugin>

<plugin>
   <title>Kill Bill: Vol. 1</title>
   <link>plugin://script.extendedinfo?info=extendedinfo&id=24</link>
   <thumbnail>https://image.tmdb.org/t/p/w1280/97fNAi62HawGjWru7PvVmF7RAbU.jpg</thumbnail>
   <fanart>https://image.tmdb.org/t/p/w1280/97fNAi62HawGjWru7PvVmF7RAbU.jpg</fanart>
</plugin>

<plugin>
   <title>Terminator 3: Rise of the Machines</title>
   <link>plugin://script.extendedinfo?info=extendedinfo&id=296</link>
   <thumbnail>https://image.tmdb.org/t/p/w1280/lz4xYdF1n09lyiCfZWtWT44SZiG.jpg</thumbnail>
   <fanart>https://image.tmdb.org/t/p/w1280/lz4xYdF1n09lyiCfZWtWT44SZiG.jpg</fanart>
</plugin>

<plugin>
   <title>The Matrix Revolutions</title>
   <link>plugin://script.extendedinfo?info=extendedinfo&id=605</link>
   <thumbnail>https://image.tmdb.org/t/p/w1280/sKogjhfs5q3azmpW7DFKKAeLEG8.jpg</thumbnail>
   <fanart>https://image.tmdb.org/t/p/w1280/sKogjhfs5q3azmpW7DFKKAeLEG8.jpg</fanart>
</plugin>

<plugin>
   <title>Bruce Almighty</title>
   <link>plugin://script.extendedinfo?info=extendedinfo&id=310</link>
   <thumbnail>https://image.tmdb.org/t/p/w1280/lgYKHifMMLT8OxYObMKa8b4STsr.jpg</thumbnail>
   <fanart>https://image.tmdb.org/t/p/w1280/lgYKHifMMLT8OxYObMKa8b4STsr.jpg</fanart>
</plugin>

<plugin>
   <title>The Matrix Reloaded</title>
   <link>plugin://script.extendedinfo?info=extendedinfo&id=604</link>
   <thumbnail>https://image.tmdb.org/t/p/w1280/ezIurBz2fdUc68d98Fp9dRf5ihv.jpg</thumbnail>
   <fanart>https://image.tmdb.org/t/p/w1280/ezIurBz2fdUc68d98Fp9dRf5ihv.jpg</fanart>
</plugin>

<plugin>
   <title>Wrong Turn</title>
   <link>plugin://script.extendedinfo?info=extendedinfo&id=9902</link>
   <thumbnail>https://image.tmdb.org/t/p/w1280/kyn0ZC8tvLWuKN85mhlG1lwB1WQ.jpg</thumbnail>
   <fanart>https://image.tmdb.org/t/p/w1280/kyn0ZC8tvLWuKN85mhlG1lwB1WQ.jpg</fanart>
</plugin>

<plugin>
   <title>Oldboy</title>
   <link>plugin://script.extendedinfo?info=extendedinfo&id=670</link>
   <thumbnail>https://image.tmdb.org/t/p/w1280/rIZX6X0MIHYEebk6W4LABT9VP2c.jpg</thumbnail>
   <fanart>https://image.tmdb.org/t/p/w1280/rIZX6X0MIHYEebk6W4LABT9VP2c.jpg</fanart>
</plugin>

<plugin>
   <title>Underworld</title>
   <link>plugin://script.extendedinfo?info=extendedinfo&id=277</link>
   <thumbnail>https://image.tmdb.org/t/p/w1280/rdkxl5iXdpVU188cL1LLG3sy6z4.jpg</thumbnail>
   <fanart>https://image.tmdb.org/t/p/w1280/rdkxl5iXdpVU188cL1LLG3sy6z4.jpg</fanart>
</plugin>

<plugin>
   <title>Hulk</title>
   <link>plugin://script.extendedinfo?info=extendedinfo&id=1927</link>
   <thumbnail>https://image.tmdb.org/t/p/w1280/ogCQV6mnLtCJuiiHtMB83jvSRfY.jpg</thumbnail>
   <fanart>https://image.tmdb.org/t/p/w1280/ogCQV6mnLtCJuiiHtMB83jvSRfY.jpg</fanart>
</plugin>

<plugin>
   <title>Master and Commander: The Far Side of the World</title>
   <link>plugin://script.extendedinfo?info=extendedinfo&id=8619</link>
   <thumbnail>https://image.tmdb.org/t/p/w1280/s1cVTQEZYn4nSjZLnFbzLP0j8y2.jpg</thumbnail>
   <fanart>https://image.tmdb.org/t/p/w1280/s1cVTQEZYn4nSjZLnFbzLP0j8y2.jpg</fanart>
</plugin>

<plugin>
   <title>The Last Samurai</title>
   <link>plugin://script.extendedinfo?info=extendedinfo&id=616</link>
   <thumbnail>https://image.tmdb.org/t/p/w1280/sLv5pXysIz7QbtKFJy85d5yxv2W.jpg</thumbnail>
   <fanart>https://image.tmdb.org/t/p/w1280/sLv5pXysIz7QbtKFJy85d5yxv2W.jpg</fanart>
</plugin>

<plugin>
   <title>Lara Croft Tomb Raider: The Cradle of Life</title>
   <link>plugin://script.extendedinfo?info=extendedinfo&id=1996</link>
   <thumbnail>https://image.tmdb.org/t/p/w1280/pkSnQzjjQ3Z9B2CJVSZCfL0Ea3s.jpg</thumbnail>
   <fanart>https://image.tmdb.org/t/p/w1280/pkSnQzjjQ3Z9B2CJVSZCfL0Ea3s.jpg</fanart>
</plugin>

<plugin>
   <title>Love Actually</title>
   <link>plugin://script.extendedinfo?info=extendedinfo&id=508</link>
   <thumbnail>https://image.tmdb.org/t/p/w1280/kfX8Ctin3fSZbdnjh6CXSNZUOVP.jpg</thumbnail>
   <fanart>https://image.tmdb.org/t/p/w1280/kfX8Ctin3fSZbdnjh6CXSNZUOVP.jpg</fanart>
</plugin>

<plugin>
   <title>Scary Movie 3</title>
   <link>plugin://script.extendedinfo?info=extendedinfo&id=4256</link>
   <thumbnail>https://image.tmdb.org/t/p/w1280/jlzEF7sTseYDB9H5dN29YFZt5Na.jpg</thumbnail>
   <fanart>https://image.tmdb.org/t/p/w1280/jlzEF7sTseYDB9H5dN29YFZt5Na.jpg</fanart>
</plugin>

<plugin>
   <title>American Wedding</title>
   <link>plugin://script.extendedinfo?info=extendedinfo&id=8273</link>
   <thumbnail>https://image.tmdb.org/t/p/w1280/lcLuBjI3Hr12mGFKJvdMeZdf3AN.jpg</thumbnail>
   <fanart>https://image.tmdb.org/t/p/w1280/lcLuBjI3Hr12mGFKJvdMeZdf3AN.jpg</fanart>
</plugin>

<plugin>
   <title>The Recruit</title>
   <link>plugin://script.extendedinfo?info=extendedinfo&id=1647</link>
   <thumbnail>https://image.tmdb.org/t/p/w1280/hQuFWLIKUwWUWYhk6KHsBOKKeHc.jpg</thumbnail>
   <fanart>https://image.tmdb.org/t/p/w1280/hQuFWLIKUwWUWYhk6KHsBOKKeHc.jpg</fanart>
</plugin>

<plugin>
   <title>The Dreamers</title>
   <link>plugin://script.extendedinfo?info=extendedinfo&id=1278</link>
   <thumbnail>https://image.tmdb.org/t/p/w1280/7ABcfmXQZeCXl5sNrDuLS1URMPN.jpg</thumbnail>
   <fanart>https://image.tmdb.org/t/p/w1280/7ABcfmXQZeCXl5sNrDuLS1URMPN.jpg</fanart>
</plugin>

</xml>