<xml>

<plugin>
   <title>Saw</title>
   <link>plugin://script.extendedinfo?info=extendedinfo&id=176</link>
   <thumbnail>https://image.tmdb.org/t/p/w1280/dHYvIgsax8ZFgkz1OslE4V6Pnf5.jpg</thumbnail>
   <fanart>https://image.tmdb.org/t/p/w1280/dHYvIgsax8ZFgkz1OslE4V6Pnf5.jpg</fanart>
</plugin>

<plugin>
   <title>I, Robot</title>
   <link>plugin://script.extendedinfo?info=extendedinfo&id=2048</link>
   <thumbnail>https://image.tmdb.org/t/p/w1280/2mkFzf168xJrV6Leqq0bjqOlJCK.jpg</thumbnail>
   <fanart>https://image.tmdb.org/t/p/w1280/2mkFzf168xJrV6Leqq0bjqOlJCK.jpg</fanart>
</plugin>

<plugin>
   <title>The Incredibles</title>
   <link>plugin://script.extendedinfo?info=extendedinfo&id=9806</link>
   <thumbnail>https://image.tmdb.org/t/p/w1280/huGDgQRB24IzkJLNqe5zq1pdvEE.jpg</thumbnail>
   <fanart>https://image.tmdb.org/t/p/w1280/huGDgQRB24IzkJLNqe5zq1pdvEE.jpg</fanart>
</plugin>

<plugin>
   <title>Harry Potter and the Prisoner of Azkaban</title>
   <link>plugin://script.extendedinfo?info=extendedinfo&id=673</link>
   <thumbnail>https://image.tmdb.org/t/p/w1280/jUFjMoLh8T2CWzHUSjKCojI5SHu.jpg</thumbnail>
   <fanart>https://image.tmdb.org/t/p/w1280/jUFjMoLh8T2CWzHUSjKCojI5SHu.jpg</fanart>
</plugin>

<plugin>
   <title>Troy</title>
   <link>plugin://script.extendedinfo?info=extendedinfo&id=652</link>
   <thumbnail>https://image.tmdb.org/t/p/w1280/edMlij7nw2NMla32xskDnzMCFBM.jpg</thumbnail>
   <fanart>https://image.tmdb.org/t/p/w1280/edMlij7nw2NMla32xskDnzMCFBM.jpg</fanart>
</plugin>

<plugin>
   <title>Kill Bill: Vol. 2</title>
   <link>plugin://script.extendedinfo?info=extendedinfo&id=393</link>
   <thumbnail>https://image.tmdb.org/t/p/w1280/au9lFA5a2ZnBKCzPbZQf00r7J64.jpg</thumbnail>
   <fanart>https://image.tmdb.org/t/p/w1280/au9lFA5a2ZnBKCzPbZQf00r7J64.jpg</fanart>
</plugin>

<plugin>
   <title>Million Dollar Baby</title>
   <link>plugin://script.extendedinfo?info=extendedinfo&id=70</link>
   <thumbnail>https://image.tmdb.org/t/p/w1280/h4VZKi2Jt4VoBYJmtC4c3bO8KqM.jpg</thumbnail>
   <fanart>https://image.tmdb.org/t/p/w1280/h4VZKi2Jt4VoBYJmtC4c3bO8KqM.jpg</fanart>
</plugin>

<plugin>
   <title>Eternal Sunshine of the Spotless Mind</title>
   <link>plugin://script.extendedinfo?info=extendedinfo&id=38</link>
   <thumbnail>https://image.tmdb.org/t/p/w1280/7y3eYvTsGjxPYDtSnumCLIMDkrV.jpg</thumbnail>
   <fanart>https://image.tmdb.org/t/p/w1280/7y3eYvTsGjxPYDtSnumCLIMDkrV.jpg</fanart>
</plugin>

<plugin>
   <title>The Bourne Supremacy</title>
   <link>plugin://script.extendedinfo?info=extendedinfo&id=2502</link>
   <thumbnail>https://image.tmdb.org/t/p/w1280/jXwZgmqOtsqsXuB9oGhocOAegCM.jpg</thumbnail>
   <fanart>https://image.tmdb.org/t/p/w1280/jXwZgmqOtsqsXuB9oGhocOAegCM.jpg</fanart>
</plugin>

<plugin>
   <title>The Notebook</title>
   <link>plugin://script.extendedinfo?info=extendedinfo&id=11036</link>
   <thumbnail>https://image.tmdb.org/t/p/w1280/gMfstesBXKdsHToAUXVPHujUDfb.jpg</thumbnail>
   <fanart>https://image.tmdb.org/t/p/w1280/gMfstesBXKdsHToAUXVPHujUDfb.jpg</fanart>
</plugin>

<plugin>
   <title>Shrek 2</title>
   <link>plugin://script.extendedinfo?info=extendedinfo&id=809</link>
   <thumbnail>https://image.tmdb.org/t/p/w1280/akWDA0BMVYK4OTM92T5i91DYnsT.jpg</thumbnail>
   <fanart>https://image.tmdb.org/t/p/w1280/akWDA0BMVYK4OTM92T5i91DYnsT.jpg</fanart>
</plugin>

<plugin>
   <title>13 Going on 30</title>
   <link>plugin://script.extendedinfo?info=extendedinfo&id=10096</link>
   <thumbnail>https://image.tmdb.org/t/p/w1280/t0c3qxcKSaO4iBYVAzIeyPbC8I1.jpg</thumbnail>
   <fanart>https://image.tmdb.org/t/p/w1280/t0c3qxcKSaO4iBYVAzIeyPbC8I1.jpg</fanart>
</plugin>

<plugin>
   <title>The Punisher</title>
   <link>plugin://script.extendedinfo?info=extendedinfo&id=7220</link>
   <thumbnail>https://image.tmdb.org/t/p/w1280/qLeje0AueCpJBDW7pmg4Gv7cO1h.jpg</thumbnail>
   <fanart>https://image.tmdb.org/t/p/w1280/qLeje0AueCpJBDW7pmg4Gv7cO1h.jpg</fanart>
</plugin>

<plugin>
   <title>Shark Tale</title>
   <link>plugin://script.extendedinfo?info=extendedinfo&id=10555</link>
   <thumbnail>https://image.tmdb.org/t/p/w1280/zSHqX4qklYrHMEcv2GiHG5UwVsz.jpg</thumbnail>
   <fanart>https://image.tmdb.org/t/p/w1280/zSHqX4qklYrHMEcv2GiHG5UwVsz.jpg</fanart>
</plugin>

<plugin>
   <title>AVP: Alien vs. Predator</title>
   <link>plugin://script.extendedinfo?info=extendedinfo&id=395</link>
   <thumbnail>https://image.tmdb.org/t/p/w1280/9xzRKUBIqLwhhOYtcE7P1BbWXP9.jpg</thumbnail>
   <fanart>https://image.tmdb.org/t/p/w1280/9xzRKUBIqLwhhOYtcE7P1BbWXP9.jpg</fanart>
</plugin>

<plugin>
   <title>The Butterfly Effect</title>
   <link>plugin://script.extendedinfo?info=extendedinfo&id=1954</link>
   <thumbnail>https://image.tmdb.org/t/p/w1280/3PAQy3CyNNJPES772OFMx47lFEE.jpg</thumbnail>
   <fanart>https://image.tmdb.org/t/p/w1280/3PAQy3CyNNJPES772OFMx47lFEE.jpg</fanart>
</plugin>

<plugin>
   <title>National Treasure</title>
   <link>plugin://script.extendedinfo?info=extendedinfo&id=2059</link>
   <thumbnail>https://image.tmdb.org/t/p/w1280/luMoc56LLMWUt60vUNNpwxrbTNt.jpg</thumbnail>
   <fanart>https://image.tmdb.org/t/p/w1280/luMoc56LLMWUt60vUNNpwxrbTNt.jpg</fanart>
</plugin>

<plugin>
   <title>Around the World in 80 Days</title>
   <link>plugin://script.extendedinfo?info=extendedinfo&id=10204</link>
   <thumbnail>https://image.tmdb.org/t/p/w1280/2glntoCztzLkfjajsJKNOSY0vpn.jpg</thumbnail>
   <fanart>https://image.tmdb.org/t/p/w1280/2glntoCztzLkfjajsJKNOSY0vpn.jpg</fanart>
</plugin>

<plugin>
   <title>The Terminal</title>
   <link>plugin://script.extendedinfo?info=extendedinfo&id=594</link>
   <thumbnail>https://image.tmdb.org/t/p/w1280/f4Dup6awDfDqAHKgWqNJ2HFw1qN.jpg</thumbnail>
   <fanart>https://image.tmdb.org/t/p/w1280/f4Dup6awDfDqAHKgWqNJ2HFw1qN.jpg</fanart>
</plugin>

<plugin>
   <title>Harold &amp; Kumar Go to White Castle</title>
   <link>plugin://script.extendedinfo?info=extendedinfo&id=11282</link>
   <thumbnail>https://image.tmdb.org/t/p/w1280/yVH2fsop0ZnjcaOgryqWBI1Psbm.jpg</thumbnail>
   <fanart>https://image.tmdb.org/t/p/w1280/yVH2fsop0ZnjcaOgryqWBI1Psbm.jpg</fanart>
</plugin>

</xml>