<xml>

<plugin>
   <title>Batman Begins</title>
   <link>plugin://script.extendedinfo?info=extendedinfo&id=272</link>
   <thumbnail>https://image.tmdb.org/t/p/w1280/dr6x4GyyegBWtinPBzipY02J2lV.jpg</thumbnail>
   <fanart>https://image.tmdb.org/t/p/w1280/dr6x4GyyegBWtinPBzipY02J2lV.jpg</fanart>
</plugin>

<plugin>
   <title>Fantastic Four</title>
   <link>plugin://script.extendedinfo?info=extendedinfo&id=9738</link>
   <thumbnail>https://image.tmdb.org/t/p/w1280/aJwUBmUA11lkNVSJ3if3h3xHSFd.jpg</thumbnail>
   <fanart>https://image.tmdb.org/t/p/w1280/aJwUBmUA11lkNVSJ3if3h3xHSFd.jpg</fanart>
</plugin>

<plugin>
   <title>Harry Potter and the Goblet of Fire</title>
   <link>plugin://script.extendedinfo?info=extendedinfo&id=674</link>
   <thumbnail>https://image.tmdb.org/t/p/w1280/6sASqcdrEHXxUhA3nFpjrRecPD2.jpg</thumbnail>
   <fanart>https://image.tmdb.org/t/p/w1280/6sASqcdrEHXxUhA3nFpjrRecPD2.jpg</fanart>
</plugin>

<plugin>
   <title>Mr. &amp; Mrs. Smith</title>
   <link>plugin://script.extendedinfo?info=extendedinfo&id=787</link>
   <thumbnail>https://image.tmdb.org/t/p/w1280/dqs5BmwSULtB28Kls3IB6khTQwp.jpg</thumbnail>
   <fanart>https://image.tmdb.org/t/p/w1280/dqs5BmwSULtB28Kls3IB6khTQwp.jpg</fanart>
</plugin>

<plugin>
   <title>Charlie and the Chocolate Factory</title>
   <link>plugin://script.extendedinfo?info=extendedinfo&id=118</link>
   <thumbnail>https://image.tmdb.org/t/p/w1280/dvHl1dYvaZRhj9Gk0ITcCHr4DIJ.jpg</thumbnail>
   <fanart>https://image.tmdb.org/t/p/w1280/dvHl1dYvaZRhj9Gk0ITcCHr4DIJ.jpg</fanart>
</plugin>

<plugin>
   <title>Madagascar</title>
   <link>plugin://script.extendedinfo?info=extendedinfo&id=953</link>
   <thumbnail>https://image.tmdb.org/t/p/w1280/2YiESGB68BGQSAFvfJxBi774sc4.jpg</thumbnail>
   <fanart>https://image.tmdb.org/t/p/w1280/2YiESGB68BGQSAFvfJxBi774sc4.jpg</fanart>
</plugin>

<plugin>
   <title>King Kong</title>
   <link>plugin://script.extendedinfo?info=extendedinfo&id=254</link>
   <thumbnail>https://image.tmdb.org/t/p/w1280/iQYMVoI9QE2wQCOSrxhiBYd4v0w.jpg</thumbnail>
   <fanart>https://image.tmdb.org/t/p/w1280/iQYMVoI9QE2wQCOSrxhiBYd4v0w.jpg</fanart>
</plugin>

<plugin>
   <title>The Chronicles of Narnia: The Lion, the Witch and the Wardrobe</title>
   <link>plugin://script.extendedinfo?info=extendedinfo&id=411</link>
   <thumbnail>https://image.tmdb.org/t/p/w1280/l8RKDgjl9co0IgFZblxhtIOi5Uj.jpg</thumbnail>
   <fanart>https://image.tmdb.org/t/p/w1280/l8RKDgjl9co0IgFZblxhtIOi5Uj.jpg</fanart>
</plugin>

<plugin>
   <title>Sin City</title>
   <link>plugin://script.extendedinfo?info=extendedinfo&id=187</link>
   <thumbnail>https://image.tmdb.org/t/p/w1280/vKJVGOKPyWqp9d2EX5NH1liqRqR.jpg</thumbnail>
   <fanart>https://image.tmdb.org/t/p/w1280/vKJVGOKPyWqp9d2EX5NH1liqRqR.jpg</fanart>
</plugin>

<plugin>
   <title>The Hitchhiker&apos;s Guide to the Galaxy</title>
   <link>plugin://script.extendedinfo?info=extendedinfo&id=7453</link>
   <thumbnail>https://image.tmdb.org/t/p/w1280/fOb4cJMhnZ11BoHNUii3Vcfo3XU.jpg</thumbnail>
   <fanart>https://image.tmdb.org/t/p/w1280/fOb4cJMhnZ11BoHNUii3Vcfo3XU.jpg</fanart>
</plugin>

<plugin>
   <title>Star Wars: Episode III - Revenge of the Sith</title>
   <link>plugin://script.extendedinfo?info=extendedinfo&id=1895</link>
   <thumbnail>https://image.tmdb.org/t/p/w1280/tgr5Pdy7ehZYBqBkN2K7Q02xgOb.jpg</thumbnail>
   <fanart>https://image.tmdb.org/t/p/w1280/tgr5Pdy7ehZYBqBkN2K7Q02xgOb.jpg</fanart>
</plugin>

<plugin>
   <title>Saw II</title>
   <link>plugin://script.extendedinfo?info=extendedinfo&id=215</link>
   <thumbnail>https://image.tmdb.org/t/p/w1280/vC7ggR8njwtQOZRmrSvMtHqy9hx.jpg</thumbnail>
   <fanart>https://image.tmdb.org/t/p/w1280/vC7ggR8njwtQOZRmrSvMtHqy9hx.jpg</fanart>
</plugin>

<plugin>
   <title>xXx: State of the Union</title>
   <link>plugin://script.extendedinfo?info=extendedinfo&id=11679</link>
   <thumbnail>https://image.tmdb.org/t/p/w1280/yWKeTc8cxSZoDy5X45q3c64iN7v.jpg</thumbnail>
   <fanart>https://image.tmdb.org/t/p/w1280/yWKeTc8cxSZoDy5X45q3c64iN7v.jpg</fanart>
</plugin>

<plugin>
   <title>Corpse Bride</title>
   <link>plugin://script.extendedinfo?info=extendedinfo&id=3933</link>
   <thumbnail>https://image.tmdb.org/t/p/w1280/o9GbcdP7rOg2m1NyUnUR3ZwNcTE.jpg</thumbnail>
   <fanart>https://image.tmdb.org/t/p/w1280/o9GbcdP7rOg2m1NyUnUR3ZwNcTE.jpg</fanart>
</plugin>

<plugin>
   <title>Kingdom of Heaven</title>
   <link>plugin://script.extendedinfo?info=extendedinfo&id=1495</link>
   <thumbnail>https://image.tmdb.org/t/p/w1280/aB4urkgTxBURJMUkd0kceDD7FUM.jpg</thumbnail>
   <fanart>https://image.tmdb.org/t/p/w1280/aB4urkgTxBURJMUkd0kceDD7FUM.jpg</fanart>
</plugin>

<plugin>
   <title>Transporter 2</title>
   <link>plugin://script.extendedinfo?info=extendedinfo&id=9335</link>
   <thumbnail>https://image.tmdb.org/t/p/w1280/bZKkwfQf4mHYlNbmViNjmAN60zY.jpg</thumbnail>
   <fanart>https://image.tmdb.org/t/p/w1280/bZKkwfQf4mHYlNbmViNjmAN60zY.jpg</fanart>
</plugin>

<plugin>
   <title>War of the Worlds</title>
   <link>plugin://script.extendedinfo?info=extendedinfo&id=74</link>
   <thumbnail>https://image.tmdb.org/t/p/w1280/xXMM9KY2eq1SDOQif9zO91YOBA8.jpg</thumbnail>
   <fanart>https://image.tmdb.org/t/p/w1280/xXMM9KY2eq1SDOQif9zO91YOBA8.jpg</fanart>
</plugin>

<plugin>
   <title>Wedding Crashers</title>
   <link>plugin://script.extendedinfo?info=extendedinfo&id=9522</link>
   <thumbnail>https://image.tmdb.org/t/p/w1280/5vMEXtz1DXgxFsv8pgFFGuOlI8V.jpg</thumbnail>
   <fanart>https://image.tmdb.org/t/p/w1280/5vMEXtz1DXgxFsv8pgFFGuOlI8V.jpg</fanart>
</plugin>

<plugin>
   <title>Secret Love: The Schoolboy and the Mailwoman</title>
   <link>plugin://script.extendedinfo?info=extendedinfo&id=176147</link>
   <thumbnail>https://image.tmdb.org/t/p/w1280/tfwE0iAHwfWJSblD95P43jlB0vH.jpg</thumbnail>
   <fanart>https://image.tmdb.org/t/p/w1280/tfwE0iAHwfWJSblD95P43jlB0vH.jpg</fanart>
</plugin>

<plugin>
   <title>Robots</title>
   <link>plugin://script.extendedinfo?info=extendedinfo&id=9928</link>
   <thumbnail>https://image.tmdb.org/t/p/w1280/12n6dEayPtv7CqgbeSkznFQSKzh.jpg</thumbnail>
   <fanart>https://image.tmdb.org/t/p/w1280/12n6dEayPtv7CqgbeSkznFQSKzh.jpg</fanart>
</plugin>

</xml>