<xml>

<plugin>
   <title>Pirates of the Caribbean: Dead Man&apos;s Chest</title>
   <link>plugin://script.extendedinfo?info=extendedinfo&id=58</link>
   <thumbnail>https://image.tmdb.org/t/p/w1280/waFr5RVKaQ9dzOt3nQuIVB1FiPu.jpg</thumbnail>
   <fanart>https://image.tmdb.org/t/p/w1280/waFr5RVKaQ9dzOt3nQuIVB1FiPu.jpg</fanart>
</plugin>

<plugin>
   <title>The Prestige</title>
   <link>plugin://script.extendedinfo?info=extendedinfo&id=1124</link>
   <thumbnail>https://image.tmdb.org/t/p/w1280/5MXyQfz8xUP3dIFPTubhTsbFY6N.jpg</thumbnail>
   <fanart>https://image.tmdb.org/t/p/w1280/5MXyQfz8xUP3dIFPTubhTsbFY6N.jpg</fanart>
</plugin>

<plugin>
   <title>Cars</title>
   <link>plugin://script.extendedinfo?info=extendedinfo&id=920</link>
   <thumbnail>https://image.tmdb.org/t/p/w1280/5damnMcRFKSjhCirgX3CMa88MBj.jpg</thumbnail>
   <fanart>https://image.tmdb.org/t/p/w1280/5damnMcRFKSjhCirgX3CMa88MBj.jpg</fanart>
</plugin>

<plugin>
   <title>V for Vendetta</title>
   <link>plugin://script.extendedinfo?info=extendedinfo&id=752</link>
   <thumbnail>https://image.tmdb.org/t/p/w1280/8rI9pNiTmugkEbI249evLygl9TC.jpg</thumbnail>
   <fanart>https://image.tmdb.org/t/p/w1280/8rI9pNiTmugkEbI249evLygl9TC.jpg</fanart>
</plugin>

<plugin>
   <title>Casino Royale</title>
   <link>plugin://script.extendedinfo?info=extendedinfo&id=36557</link>
   <thumbnail>https://image.tmdb.org/t/p/w1280/zlWBxz2pTA9p45kUTrI8AQiKrHm.jpg</thumbnail>
   <fanart>https://image.tmdb.org/t/p/w1280/zlWBxz2pTA9p45kUTrI8AQiKrHm.jpg</fanart>
</plugin>

<plugin>
   <title>Mission: Impossible III</title>
   <link>plugin://script.extendedinfo?info=extendedinfo&id=956</link>
   <thumbnail>https://image.tmdb.org/t/p/w1280/qjy8ABAbWooV4jLG6UjzDHlv4RB.jpg</thumbnail>
   <fanart>https://image.tmdb.org/t/p/w1280/qjy8ABAbWooV4jLG6UjzDHlv4RB.jpg</fanart>
</plugin>

<plugin>
   <title>The Departed</title>
   <link>plugin://script.extendedinfo?info=extendedinfo&id=1422</link>
   <thumbnail>https://image.tmdb.org/t/p/w1280/tGLO9zw5ZtCeyyEWgbYGgsFxC6i.jpg</thumbnail>
   <fanart>https://image.tmdb.org/t/p/w1280/tGLO9zw5ZtCeyyEWgbYGgsFxC6i.jpg</fanart>
</plugin>

<plugin>
   <title>Ice Age: The Meltdown</title>
   <link>plugin://script.extendedinfo?info=extendedinfo&id=950</link>
   <thumbnail>https://image.tmdb.org/t/p/w1280/isRuztu5Ch7FJdtSBLcG8QSOpEI.jpg</thumbnail>
   <fanart>https://image.tmdb.org/t/p/w1280/isRuztu5Ch7FJdtSBLcG8QSOpEI.jpg</fanart>
</plugin>

<plugin>
   <title>The Devil Wears Prada</title>
   <link>plugin://script.extendedinfo?info=extendedinfo&id=350</link>
   <thumbnail>https://image.tmdb.org/t/p/w1280/8unCRm0LeiO0fM6skWAZy3ZfXR1.jpg</thumbnail>
   <fanart>https://image.tmdb.org/t/p/w1280/8unCRm0LeiO0fM6skWAZy3ZfXR1.jpg</fanart>
</plugin>

<plugin>
   <title>Pan&apos;s Labyrinth</title>
   <link>plugin://script.extendedinfo?info=extendedinfo&id=1417</link>
   <thumbnail>https://image.tmdb.org/t/p/w1280/t0TDsqbCTgSi0AL7k4baZrOYYhi.jpg</thumbnail>
   <fanart>https://image.tmdb.org/t/p/w1280/t0TDsqbCTgSi0AL7k4baZrOYYhi.jpg</fanart>
</plugin>

<plugin>
   <title>Superman Returns</title>
   <link>plugin://script.extendedinfo?info=extendedinfo&id=1452</link>
   <thumbnail>https://image.tmdb.org/t/p/w1280/e3aLTaD5ppxo3en0GAGceekEPAe.jpg</thumbnail>
   <fanart>https://image.tmdb.org/t/p/w1280/e3aLTaD5ppxo3en0GAGceekEPAe.jpg</fanart>
</plugin>

<plugin>
   <title>Night at the Museum</title>
   <link>plugin://script.extendedinfo?info=extendedinfo&id=1593</link>
   <thumbnail>https://image.tmdb.org/t/p/w1280/NUbCSwy2EQ9Z6psUjPqr3WdVI2.jpg</thumbnail>
   <fanart>https://image.tmdb.org/t/p/w1280/NUbCSwy2EQ9Z6psUjPqr3WdVI2.jpg</fanart>
</plugin>

<plugin>
   <title>Failure to Launch</title>
   <link>plugin://script.extendedinfo?info=extendedinfo&id=6877</link>
   <thumbnail>https://image.tmdb.org/t/p/w1280/sJUEp6HGFitc3Ai2ZnaSJEGy96T.jpg</thumbnail>
   <fanart>https://image.tmdb.org/t/p/w1280/sJUEp6HGFitc3Ai2ZnaSJEGy96T.jpg</fanart>
</plugin>

<plugin>
   <title>Children of Men</title>
   <link>plugin://script.extendedinfo?info=extendedinfo&id=9693</link>
   <thumbnail>https://image.tmdb.org/t/p/w1280/gZ6i32Da76EUxta06GL2BxpC4Cn.jpg</thumbnail>
   <fanart>https://image.tmdb.org/t/p/w1280/gZ6i32Da76EUxta06GL2BxpC4Cn.jpg</fanart>
</plugin>

<plugin>
   <title>300</title>
   <link>plugin://script.extendedinfo?info=extendedinfo&id=1271</link>
   <thumbnail>https://image.tmdb.org/t/p/w1280/bYR8O1H1ZlME7Dm9ysfTYZnRDpw.jpg</thumbnail>
   <fanart>https://image.tmdb.org/t/p/w1280/bYR8O1H1ZlME7Dm9ysfTYZnRDpw.jpg</fanart>
</plugin>

<plugin>
   <title>Hostel</title>
   <link>plugin://script.extendedinfo?info=extendedinfo&id=1690</link>
   <thumbnail>https://image.tmdb.org/t/p/w1280/zF3pEs1CUbjPgioxDH4h2MEHsWl.jpg</thumbnail>
   <fanart>https://image.tmdb.org/t/p/w1280/zF3pEs1CUbjPgioxDH4h2MEHsWl.jpg</fanart>
</plugin>

<plugin>
   <title>Brother Bear 2</title>
   <link>plugin://script.extendedinfo?info=extendedinfo&id=10010</link>
   <thumbnail>https://image.tmdb.org/t/p/w1280/msZSTfilEF6hw47HTuf5AeXAO8R.jpg</thumbnail>
   <fanart>https://image.tmdb.org/t/p/w1280/msZSTfilEF6hw47HTuf5AeXAO8R.jpg</fanart>
</plugin>

<plugin>
   <title>The Pursuit of Happyness</title>
   <link>plugin://script.extendedinfo?info=extendedinfo&id=1402</link>
   <thumbnail>https://image.tmdb.org/t/p/w1280/iMNp6gTeDBXbzjKRNYtorxZ76G2.jpg</thumbnail>
   <fanart>https://image.tmdb.org/t/p/w1280/iMNp6gTeDBXbzjKRNYtorxZ76G2.jpg</fanart>
</plugin>

<plugin>
   <title>Crank</title>
   <link>plugin://script.extendedinfo?info=extendedinfo&id=1948</link>
   <thumbnail>https://image.tmdb.org/t/p/w1280/6RnD3Zfh0tO0cD2vroWyH0F98Ej.jpg</thumbnail>
   <fanart>https://image.tmdb.org/t/p/w1280/6RnD3Zfh0tO0cD2vroWyH0F98Ej.jpg</fanart>
</plugin>

<plugin>
   <title>Blood Diamond</title>
   <link>plugin://script.extendedinfo?info=extendedinfo&id=1372</link>
   <thumbnail>https://image.tmdb.org/t/p/w1280/wRamTzV6udKaMXrspxqOuo02zk0.jpg</thumbnail>
   <fanart>https://image.tmdb.org/t/p/w1280/wRamTzV6udKaMXrspxqOuo02zk0.jpg</fanart>
</plugin>

</xml>