<xml>

<plugin>
   <title>I Am Legend</title>
   <link>plugin://script.extendedinfo?info=extendedinfo&id=6479</link>
   <thumbnail>https://image.tmdb.org/t/p/w1280/6OA0I8hhW9zftWoCYxJAzXW9UIN.jpg</thumbnail>
   <fanart>https://image.tmdb.org/t/p/w1280/6OA0I8hhW9zftWoCYxJAzXW9UIN.jpg</fanart>
</plugin>

<plugin>
   <title>Pirates of the Caribbean: At World&apos;s End</title>
   <link>plugin://script.extendedinfo?info=extendedinfo&id=285</link>
   <thumbnail>https://image.tmdb.org/t/p/w1280/bXb00CkHqx7TPchTGG131sWV59y.jpg</thumbnail>
   <fanart>https://image.tmdb.org/t/p/w1280/bXb00CkHqx7TPchTGG131sWV59y.jpg</fanart>
</plugin>

<plugin>
   <title>Wrong Turn 2: Dead End</title>
   <link>plugin://script.extendedinfo?info=extendedinfo&id=13186</link>
   <thumbnail>https://image.tmdb.org/t/p/w1280/ftmiyfrTrqTi5Qod62nGRP9BGPn.jpg</thumbnail>
   <fanart>https://image.tmdb.org/t/p/w1280/ftmiyfrTrqTi5Qod62nGRP9BGPn.jpg</fanart>
</plugin>

<plugin>
   <title>Spider-Man 3</title>
   <link>plugin://script.extendedinfo?info=extendedinfo&id=559</link>
   <thumbnail>https://image.tmdb.org/t/p/w1280/btocnvK4l8a4BGS887ed3lsTFog.jpg</thumbnail>
   <fanart>https://image.tmdb.org/t/p/w1280/btocnvK4l8a4BGS887ed3lsTFog.jpg</fanart>
</plugin>

<plugin>
   <title>Ratatouille</title>
   <link>plugin://script.extendedinfo?info=extendedinfo&id=2062</link>
   <thumbnail>https://image.tmdb.org/t/p/w1280/xVxxSYHAfrEbllyWFQG5df5nwH4.jpg</thumbnail>
   <fanart>https://image.tmdb.org/t/p/w1280/xVxxSYHAfrEbllyWFQG5df5nwH4.jpg</fanart>
</plugin>

<plugin>
   <title>Russian Lolita</title>
   <link>plugin://script.extendedinfo?info=extendedinfo&id=329103</link>
   <thumbnail>https://image.tmdb.org/t/p/w1280/tXQa4fpOj8ab79ByTd4sGAqz36o.jpg</thumbnail>
   <fanart>https://image.tmdb.org/t/p/w1280/tXQa4fpOj8ab79ByTd4sGAqz36o.jpg</fanart>
</plugin>

<plugin>
   <title>No Country for Old Men</title>
   <link>plugin://script.extendedinfo?info=extendedinfo&id=6977</link>
   <thumbnail>https://image.tmdb.org/t/p/w1280/nBaqryObPuxmuAndWUjDE5rriTd.jpg</thumbnail>
   <fanart>https://image.tmdb.org/t/p/w1280/nBaqryObPuxmuAndWUjDE5rriTd.jpg</fanart>
</plugin>

<plugin>
   <title>Live Free or Die Hard</title>
   <link>plugin://script.extendedinfo?info=extendedinfo&id=1571</link>
   <thumbnail>https://image.tmdb.org/t/p/w1280/pHWgbaXiQD2nmex7u8Xv6XmhaZS.jpg</thumbnail>
   <fanart>https://image.tmdb.org/t/p/w1280/pHWgbaXiQD2nmex7u8Xv6XmhaZS.jpg</fanart>
</plugin>

<plugin>
   <title>Shrek the Third</title>
   <link>plugin://script.extendedinfo?info=extendedinfo&id=810</link>
   <thumbnail>https://image.tmdb.org/t/p/w1280/lA17Mlz8hXVZsW5Y3WuUa8KPilQ.jpg</thumbnail>
   <fanart>https://image.tmdb.org/t/p/w1280/lA17Mlz8hXVZsW5Y3WuUa8KPilQ.jpg</fanart>
</plugin>

<plugin>
   <title>Fantastic 4: Rise of the Silver Surfer</title>
   <link>plugin://script.extendedinfo?info=extendedinfo&id=1979</link>
   <thumbnail>https://image.tmdb.org/t/p/w1280/fXpziQgnBnB4bLgjKhjTbLQumE5.jpg</thumbnail>
   <fanart>https://image.tmdb.org/t/p/w1280/fXpziQgnBnB4bLgjKhjTbLQumE5.jpg</fanart>
</plugin>

<plugin>
   <title>The Simpsons Movie</title>
   <link>plugin://script.extendedinfo?info=extendedinfo&id=35</link>
   <thumbnail>https://image.tmdb.org/t/p/w1280/eCytnEriVur3rT47NWfkgPXD9qs.jpg</thumbnail>
   <fanart>https://image.tmdb.org/t/p/w1280/eCytnEriVur3rT47NWfkgPXD9qs.jpg</fanart>
</plugin>

<plugin>
   <title>Ghost Rider</title>
   <link>plugin://script.extendedinfo?info=extendedinfo&id=1250</link>
   <thumbnail>https://image.tmdb.org/t/p/w1280/jnllnSq8u4d1oQPU7PsoAHD6bLU.jpg</thumbnail>
   <fanart>https://image.tmdb.org/t/p/w1280/jnllnSq8u4d1oQPU7PsoAHD6bLU.jpg</fanart>
</plugin>

<plugin>
   <title>Harry Potter and the Order of the Phoenix</title>
   <link>plugin://script.extendedinfo?info=extendedinfo&id=675</link>
   <thumbnail>https://image.tmdb.org/t/p/w1280/4YnLxYLHhT4UQ8i9jxAXWy46Xuw.jpg</thumbnail>
   <fanart>https://image.tmdb.org/t/p/w1280/4YnLxYLHhT4UQ8i9jxAXWy46Xuw.jpg</fanart>
</plugin>

<plugin>
   <title>Aliens vs Predator: Requiem</title>
   <link>plugin://script.extendedinfo?info=extendedinfo&id=440</link>
   <thumbnail>https://image.tmdb.org/t/p/w1280/xR4Mslyum7bjzAF1rlUX2HrlwhZ.jpg</thumbnail>
   <fanart>https://image.tmdb.org/t/p/w1280/xR4Mslyum7bjzAF1rlUX2HrlwhZ.jpg</fanart>
</plugin>

<plugin>
   <title>War</title>
   <link>plugin://script.extendedinfo?info=extendedinfo&id=10431</link>
   <thumbnail>https://image.tmdb.org/t/p/w1280/envBC1uSYRWVj2p3Im8XbPKZ4B5.jpg</thumbnail>
   <fanart>https://image.tmdb.org/t/p/w1280/envBC1uSYRWVj2p3Im8XbPKZ4B5.jpg</fanart>
</plugin>

<plugin>
   <title>The Bourne Ultimatum</title>
   <link>plugin://script.extendedinfo?info=extendedinfo&id=2503</link>
   <thumbnail>https://image.tmdb.org/t/p/w1280/fHho6JYYY0nRcETWSoeI19iZsNF.jpg</thumbnail>
   <fanart>https://image.tmdb.org/t/p/w1280/fHho6JYYY0nRcETWSoeI19iZsNF.jpg</fanart>
</plugin>

<plugin>
   <title>Hairspray</title>
   <link>plugin://script.extendedinfo?info=extendedinfo&id=2976</link>
   <thumbnail>https://image.tmdb.org/t/p/w1280/ndOpIx4BXpFCRRIxgMoGHxZxlE9.jpg</thumbnail>
   <fanart>https://image.tmdb.org/t/p/w1280/ndOpIx4BXpFCRRIxgMoGHxZxlE9.jpg</fanart>
</plugin>

<plugin>
   <title>3:10 to Yuma</title>
   <link>plugin://script.extendedinfo?info=extendedinfo&id=5176</link>
   <thumbnail>https://image.tmdb.org/t/p/w1280/9Nwkh0eQmkymEOR0ovAALtjSIZW.jpg</thumbnail>
   <fanart>https://image.tmdb.org/t/p/w1280/9Nwkh0eQmkymEOR0ovAALtjSIZW.jpg</fanart>
</plugin>

<plugin>
   <title>Bee Movie</title>
   <link>plugin://script.extendedinfo?info=extendedinfo&id=5559</link>
   <thumbnail>https://image.tmdb.org/t/p/w1280/QhbOzpYfBOwrRiuTu9otPk919R.jpg</thumbnail>
   <fanart>https://image.tmdb.org/t/p/w1280/QhbOzpYfBOwrRiuTu9otPk919R.jpg</fanart>
</plugin>

<plugin>
   <title>Evan Almighty</title>
   <link>plugin://script.extendedinfo?info=extendedinfo&id=2698</link>
   <thumbnail>https://image.tmdb.org/t/p/w1280/mtIjd19s4eOSkUm9P9iDVY35TsQ.jpg</thumbnail>
   <fanart>https://image.tmdb.org/t/p/w1280/mtIjd19s4eOSkUm9P9iDVY35TsQ.jpg</fanart>
</plugin>

</xml>