<xml>

<plugin>
   <title>Iron Man</title>
   <link>plugin://script.extendedinfo?info=extendedinfo&id=1726</link>
   <thumbnail>https://image.tmdb.org/t/p/w1280/848chlIWVT41VtAAgyh9bWymAYb.jpg</thumbnail>
   <fanart>https://image.tmdb.org/t/p/w1280/848chlIWVT41VtAAgyh9bWymAYb.jpg</fanart>
</plugin>

<plugin>
   <title>The Dark Knight</title>
   <link>plugin://script.extendedinfo?info=extendedinfo&id=155</link>
   <thumbnail>https://image.tmdb.org/t/p/w1280/1hRoyzDtpgMU7Dz4JF22RANzQO7.jpg</thumbnail>
   <fanart>https://image.tmdb.org/t/p/w1280/1hRoyzDtpgMU7Dz4JF22RANzQO7.jpg</fanart>
</plugin>

<plugin>
   <title>Twilight</title>
   <link>plugin://script.extendedinfo?info=extendedinfo&id=8966</link>
   <thumbnail>https://image.tmdb.org/t/p/w1280/lcMp3AONdNhjYE9MmTtMMTOiRDP.jpg</thumbnail>
   <fanart>https://image.tmdb.org/t/p/w1280/lcMp3AONdNhjYE9MmTtMMTOiRDP.jpg</fanart>
</plugin>

<plugin>
   <title>Quantum of Solace</title>
   <link>plugin://script.extendedinfo?info=extendedinfo&id=10764</link>
   <thumbnail>https://image.tmdb.org/t/p/w1280/6mlNx0Jiqhg3D7NlANT9pidsgPJ.jpg</thumbnail>
   <fanart>https://image.tmdb.org/t/p/w1280/6mlNx0Jiqhg3D7NlANT9pidsgPJ.jpg</fanart>
</plugin>

<plugin>
   <title>Indiana Jones and the Kingdom of the Crystal Skull</title>
   <link>plugin://script.extendedinfo?info=extendedinfo&id=217</link>
   <thumbnail>https://image.tmdb.org/t/p/w1280/qY1x6v5daMDTr904G3y84WVgpfC.jpg</thumbnail>
   <fanart>https://image.tmdb.org/t/p/w1280/qY1x6v5daMDTr904G3y84WVgpfC.jpg</fanart>
</plugin>

<plugin>
   <title>Taken</title>
   <link>plugin://script.extendedinfo?info=extendedinfo&id=8681</link>
   <thumbnail>https://image.tmdb.org/t/p/w1280/3zlffXmo7QpVBc17QIJWrRfasVr.jpg</thumbnail>
   <fanart>https://image.tmdb.org/t/p/w1280/3zlffXmo7QpVBc17QIJWrRfasVr.jpg</fanart>
</plugin>

<plugin>
   <title>Wanted</title>
   <link>plugin://script.extendedinfo?info=extendedinfo&id=8909</link>
   <thumbnail>https://image.tmdb.org/t/p/w1280/mUrkppyahzk6koYFekxeu0tmcPd.jpg</thumbnail>
   <fanart>https://image.tmdb.org/t/p/w1280/mUrkppyahzk6koYFekxeu0tmcPd.jpg</fanart>
</plugin>

<plugin>
   <title>The Incredible Hulk</title>
   <link>plugin://script.extendedinfo?info=extendedinfo&id=1724</link>
   <thumbnail>https://image.tmdb.org/t/p/w1280/bleR2qj9UluYl7x0Js7VXuLhV3s.jpg</thumbnail>
   <fanart>https://image.tmdb.org/t/p/w1280/bleR2qj9UluYl7x0Js7VXuLhV3s.jpg</fanart>
</plugin>

<plugin>
   <title>Ponyo</title>
   <link>plugin://script.extendedinfo?info=extendedinfo&id=12429</link>
   <thumbnail>https://image.tmdb.org/t/p/w1280/3s0mpSpLkI7cIhqWGrGbsiyvlsH.jpg</thumbnail>
   <fanart>https://image.tmdb.org/t/p/w1280/3s0mpSpLkI7cIhqWGrGbsiyvlsH.jpg</fanart>
</plugin>

<plugin>
   <title>Hellboy II: The Golden Army</title>
   <link>plugin://script.extendedinfo?info=extendedinfo&id=11253</link>
   <thumbnail>https://image.tmdb.org/t/p/w1280/fFcZqnWDeQsImDAAIyAimc3SGEl.jpg</thumbnail>
   <fanart>https://image.tmdb.org/t/p/w1280/fFcZqnWDeQsImDAAIyAimc3SGEl.jpg</fanart>
</plugin>

<plugin>
   <title>Hancock</title>
   <link>plugin://script.extendedinfo?info=extendedinfo&id=8960</link>
   <thumbnail>https://image.tmdb.org/t/p/w1280/dsCxSr4w3g2ylhlZg3v5CB5Pid7.jpg</thumbnail>
   <fanart>https://image.tmdb.org/t/p/w1280/dsCxSr4w3g2ylhlZg3v5CB5Pid7.jpg</fanart>
</plugin>

<plugin>
   <title>WALL·E</title>
   <link>plugin://script.extendedinfo?info=extendedinfo&id=10681</link>
   <thumbnail>https://image.tmdb.org/t/p/w1280/9cJETuLMc6R0bTWRA5i7ctY9bxk.jpg</thumbnail>
   <fanart>https://image.tmdb.org/t/p/w1280/9cJETuLMc6R0bTWRA5i7ctY9bxk.jpg</fanart>
</plugin>

<plugin>
   <title>You Don&apos;t Mess with the Zohan</title>
   <link>plugin://script.extendedinfo?info=extendedinfo&id=10661</link>
   <thumbnail>https://image.tmdb.org/t/p/w1280/3n9FYKLJVqwrZ7Wf96eoF2cAowU.jpg</thumbnail>
   <fanart>https://image.tmdb.org/t/p/w1280/3n9FYKLJVqwrZ7Wf96eoF2cAowU.jpg</fanart>
</plugin>

<plugin>
   <title>Madagascar: Escape 2 Africa</title>
   <link>plugin://script.extendedinfo?info=extendedinfo&id=10527</link>
   <thumbnail>https://image.tmdb.org/t/p/w1280/9mohxwknsHcwFBSAAhoQXwFV5zn.jpg</thumbnail>
   <fanart>https://image.tmdb.org/t/p/w1280/9mohxwknsHcwFBSAAhoQXwFV5zn.jpg</fanart>
</plugin>

<plugin>
   <title>27 Dresses</title>
   <link>plugin://script.extendedinfo?info=extendedinfo&id=6557</link>
   <thumbnail>https://image.tmdb.org/t/p/w1280/zzJtHNzi1D4CPwRlPHV1TRQNXD2.jpg</thumbnail>
   <fanart>https://image.tmdb.org/t/p/w1280/zzJtHNzi1D4CPwRlPHV1TRQNXD2.jpg</fanart>
</plugin>

<plugin>
   <title>Punisher: War Zone</title>
   <link>plugin://script.extendedinfo?info=extendedinfo&id=13056</link>
   <thumbnail>https://image.tmdb.org/t/p/w1280/xrBl7FvGZFicZoMXtlSZ04duTL9.jpg</thumbnail>
   <fanart>https://image.tmdb.org/t/p/w1280/xrBl7FvGZFicZoMXtlSZ04duTL9.jpg</fanart>
</plugin>

<plugin>
   <title>Journey to the Center of the Earth</title>
   <link>plugin://script.extendedinfo?info=extendedinfo&id=88751</link>
   <thumbnail>https://image.tmdb.org/t/p/w1280/nlYk34gpPfM6KFujxB9HTHZyeiL.jpg</thumbnail>
   <fanart>https://image.tmdb.org/t/p/w1280/nlYk34gpPfM6KFujxB9HTHZyeiL.jpg</fanart>
</plugin>

<plugin>
   <title>The Mummy: Tomb of the Dragon Emperor</title>
   <link>plugin://script.extendedinfo?info=extendedinfo&id=1735</link>
   <thumbnail>https://image.tmdb.org/t/p/w1280/53hrZvxiV3HgG6pdhuMeErIc7Hg.jpg</thumbnail>
   <fanart>https://image.tmdb.org/t/p/w1280/53hrZvxiV3HgG6pdhuMeErIc7Hg.jpg</fanart>
</plugin>

<plugin>
   <title>Never Back Down</title>
   <link>plugin://script.extendedinfo?info=extendedinfo&id=8456</link>
   <thumbnail>https://image.tmdb.org/t/p/w1280/6vT35MJ67U3llfi6W7MbM5r2dav.jpg</thumbnail>
   <fanart>https://image.tmdb.org/t/p/w1280/6vT35MJ67U3llfi6W7MbM5r2dav.jpg</fanart>
</plugin>

<plugin>
   <title>Kung Fu Panda</title>
   <link>plugin://script.extendedinfo?info=extendedinfo&id=9502</link>
   <thumbnail>https://image.tmdb.org/t/p/w1280/2Paj1nufT0jeSY0G4u3RC31HIGT.jpg</thumbnail>
   <fanart>https://image.tmdb.org/t/p/w1280/2Paj1nufT0jeSY0G4u3RC31HIGT.jpg</fanart>
</plugin>

</xml>