<xml>

<plugin>
   <title>Avatar</title>
   <link>plugin://script.extendedinfo?info=extendedinfo&id=19995</link>
   <thumbnail>https://image.tmdb.org/t/p/w1280/kmcqlZGaSh20zpTbuoF0Cdn07dT.jpg</thumbnail>
   <fanart>https://image.tmdb.org/t/p/w1280/kmcqlZGaSh20zpTbuoF0Cdn07dT.jpg</fanart>
</plugin>

<plugin>
   <title>Up</title>
   <link>plugin://script.extendedinfo?info=extendedinfo&id=14160</link>
   <thumbnail>https://image.tmdb.org/t/p/w1280/nk11pvocdb5zbFhX5oq5YiLPYMo.jpg</thumbnail>
   <fanart>https://image.tmdb.org/t/p/w1280/nk11pvocdb5zbFhX5oq5YiLPYMo.jpg</fanart>
</plugin>

<plugin>
   <title>The Hangover</title>
   <link>plugin://script.extendedinfo?info=extendedinfo&id=18785</link>
   <thumbnail>https://image.tmdb.org/t/p/w1280/uluhlXubGu1VxU63X9VHCLWDAYP.jpg</thumbnail>
   <fanart>https://image.tmdb.org/t/p/w1280/uluhlXubGu1VxU63X9VHCLWDAYP.jpg</fanart>
</plugin>

<plugin>
   <title>Ice Age: Dawn of the Dinosaurs</title>
   <link>plugin://script.extendedinfo?info=extendedinfo&id=8355</link>
   <thumbnail>https://image.tmdb.org/t/p/w1280/crAf8b9gFpcdvY7majL8xWzTbem.jpg</thumbnail>
   <fanart>https://image.tmdb.org/t/p/w1280/crAf8b9gFpcdvY7majL8xWzTbem.jpg</fanart>
</plugin>

<plugin>
   <title>Sherlock Holmes</title>
   <link>plugin://script.extendedinfo?info=extendedinfo&id=10528</link>
   <thumbnail>https://image.tmdb.org/t/p/w1280/22ngurXbLqab7Sko6aTSdwOCe5W.jpg</thumbnail>
   <fanart>https://image.tmdb.org/t/p/w1280/22ngurXbLqab7Sko6aTSdwOCe5W.jpg</fanart>
</plugin>

<plugin>
   <title>The Twilight Saga: New Moon</title>
   <link>plugin://script.extendedinfo?info=extendedinfo&id=18239</link>
   <thumbnail>https://image.tmdb.org/t/p/w1280/4O6OCHVrXie2Th8asDn5utvlTwC.jpg</thumbnail>
   <fanart>https://image.tmdb.org/t/p/w1280/4O6OCHVrXie2Th8asDn5utvlTwC.jpg</fanart>
</plugin>

<plugin>
   <title>Zombieland</title>
   <link>plugin://script.extendedinfo?info=extendedinfo&id=19908</link>
   <thumbnail>https://image.tmdb.org/t/p/w1280/vUzzDpVrab1BOG3ogxhRGfLN94d.jpg</thumbnail>
   <fanart>https://image.tmdb.org/t/p/w1280/vUzzDpVrab1BOG3ogxhRGfLN94d.jpg</fanart>
</plugin>

<plugin>
   <title>Harry Potter and the Half-Blood Prince</title>
   <link>plugin://script.extendedinfo?info=extendedinfo&id=767</link>
   <thumbnail>https://image.tmdb.org/t/p/w1280/bFXys2nhALwDvpkF3dP3Vvdfn8b.jpg</thumbnail>
   <fanart>https://image.tmdb.org/t/p/w1280/bFXys2nhALwDvpkF3dP3Vvdfn8b.jpg</fanart>
</plugin>

<plugin>
   <title>Star Trek</title>
   <link>plugin://script.extendedinfo?info=extendedinfo&id=13475</link>
   <thumbnail>https://image.tmdb.org/t/p/w1280/xPihqTMhCh6b8DHYzE61jrIiNMS.jpg</thumbnail>
   <fanart>https://image.tmdb.org/t/p/w1280/xPihqTMhCh6b8DHYzE61jrIiNMS.jpg</fanart>
</plugin>

<plugin>
   <title>Inglourious Basterds</title>
   <link>plugin://script.extendedinfo?info=extendedinfo&id=16869</link>
   <thumbnail>https://image.tmdb.org/t/p/w1280/6zYuTKyvcwmtNvXXvJZNT0IgBL0.jpg</thumbnail>
   <fanart>https://image.tmdb.org/t/p/w1280/6zYuTKyvcwmtNvXXvJZNT0IgBL0.jpg</fanart>
</plugin>

<plugin>
   <title>Bride Wars</title>
   <link>plugin://script.extendedinfo?info=extendedinfo&id=10521</link>
   <thumbnail>https://image.tmdb.org/t/p/w1280/y5O46J9i98MkcExaPIeZaRImF4C.jpg</thumbnail>
   <fanart>https://image.tmdb.org/t/p/w1280/y5O46J9i98MkcExaPIeZaRImF4C.jpg</fanart>
</plugin>

<plugin>
   <title>The Princess and the Frog</title>
   <link>plugin://script.extendedinfo?info=extendedinfo&id=10198</link>
   <thumbnail>https://image.tmdb.org/t/p/w1280/bVRHirC6uIZL9VtRqYRxdedYnOG.jpg</thumbnail>
   <fanart>https://image.tmdb.org/t/p/w1280/bVRHirC6uIZL9VtRqYRxdedYnOG.jpg</fanart>
</plugin>

<plugin>
   <title>G.I. Joe: The Rise of Cobra</title>
   <link>plugin://script.extendedinfo?info=extendedinfo&id=14869</link>
   <thumbnail>https://image.tmdb.org/t/p/w1280/29eW5c5DaCFQejdt9V14RrA51yD.jpg</thumbnail>
   <fanart>https://image.tmdb.org/t/p/w1280/29eW5c5DaCFQejdt9V14RrA51yD.jpg</fanart>
</plugin>

<plugin>
   <title>Cloudy with a Chance of Meatballs</title>
   <link>plugin://script.extendedinfo?info=extendedinfo&id=22794</link>
   <thumbnail>https://image.tmdb.org/t/p/w1280/75QV0rNm6QHpMnpIGrZK0ev08rH.jpg</thumbnail>
   <fanart>https://image.tmdb.org/t/p/w1280/75QV0rNm6QHpMnpIGrZK0ev08rH.jpg</fanart>
</plugin>

<plugin>
   <title>Terminator Salvation</title>
   <link>plugin://script.extendedinfo?info=extendedinfo&id=534</link>
   <thumbnail>https://image.tmdb.org/t/p/w1280/gw6JhlekZgtKUFlDTezq3j5JEPK.jpg</thumbnail>
   <fanart>https://image.tmdb.org/t/p/w1280/gw6JhlekZgtKUFlDTezq3j5JEPK.jpg</fanart>
</plugin>

<plugin>
   <title>Case 39</title>
   <link>plugin://script.extendedinfo?info=extendedinfo&id=28355</link>
   <thumbnail>https://image.tmdb.org/t/p/w1280/xSyj4F1UVtAXhqSGpNCZRaBsKAJ.jpg</thumbnail>
   <fanart>https://image.tmdb.org/t/p/w1280/xSyj4F1UVtAXhqSGpNCZRaBsKAJ.jpg</fanart>
</plugin>

<plugin>
   <title>Night at the Museum: Battle of the Smithsonian</title>
   <link>plugin://script.extendedinfo?info=extendedinfo&id=18360</link>
   <thumbnail>https://image.tmdb.org/t/p/w1280/qbU6AxmO69bBwu6Tw8HtcRoltAA.jpg</thumbnail>
   <fanart>https://image.tmdb.org/t/p/w1280/qbU6AxmO69bBwu6Tw8HtcRoltAA.jpg</fanart>
</plugin>

<plugin>
   <title>Monsters vs Aliens</title>
   <link>plugin://script.extendedinfo?info=extendedinfo&id=15512</link>
   <thumbnail>https://image.tmdb.org/t/p/w1280/8x0WrDcFQDC2eoXJe6iC34wXZE8.jpg</thumbnail>
   <fanart>https://image.tmdb.org/t/p/w1280/8x0WrDcFQDC2eoXJe6iC34wXZE8.jpg</fanart>
</plugin>

<plugin>
   <title>Wrong Turn 3: Left for Dead</title>
   <link>plugin://script.extendedinfo?info=extendedinfo&id=23823</link>
   <thumbnail>https://image.tmdb.org/t/p/w1280/9J4Me7ZxiTqtF7KyFWp15j0PKqh.jpg</thumbnail>
   <fanart>https://image.tmdb.org/t/p/w1280/9J4Me7ZxiTqtF7KyFWp15j0PKqh.jpg</fanart>
</plugin>

<plugin>
   <title>Watchmen</title>
   <link>plugin://script.extendedinfo?info=extendedinfo&id=13183</link>
   <thumbnail>https://image.tmdb.org/t/p/w1280/1QqwJBv5a6ddgzaT6cLytJioyrJ.jpg</thumbnail>
   <fanart>https://image.tmdb.org/t/p/w1280/1QqwJBv5a6ddgzaT6cLytJioyrJ.jpg</fanart>
</plugin>

</xml>