<xml>

<plugin>
   <title>Iron Man 2</title>
   <link>plugin://script.extendedinfo?info=extendedinfo&id=10138</link>
   <thumbnail>https://image.tmdb.org/t/p/w1280/ArqpkNYGfcTIA6umWt6xihfIZZv.jpg</thumbnail>
   <fanart>https://image.tmdb.org/t/p/w1280/ArqpkNYGfcTIA6umWt6xihfIZZv.jpg</fanart>
</plugin>

<plugin>
   <title>Inception</title>
   <link>plugin://script.extendedinfo?info=extendedinfo&id=27205</link>
   <thumbnail>https://image.tmdb.org/t/p/w1280/qmDpIHrmpJINaRKAfWQfftjCdyi.jpg</thumbnail>
   <fanart>https://image.tmdb.org/t/p/w1280/qmDpIHrmpJINaRKAfWQfftjCdyi.jpg</fanart>
</plugin>

<plugin>
   <title>Despicable Me</title>
   <link>plugin://script.extendedinfo?info=extendedinfo&id=20352</link>
   <thumbnail>https://image.tmdb.org/t/p/w1280/4zHJhBSY4kNZXfhTlmy2TzXD51M.jpg</thumbnail>
   <fanart>https://image.tmdb.org/t/p/w1280/4zHJhBSY4kNZXfhTlmy2TzXD51M.jpg</fanart>
</plugin>

<plugin>
   <title>Insidious</title>
   <link>plugin://script.extendedinfo?info=extendedinfo&id=49018</link>
   <thumbnail>https://image.tmdb.org/t/p/w1280/6Tjg6DWVo2cpqDLxrOQNw1UvIMB.jpg</thumbnail>
   <fanart>https://image.tmdb.org/t/p/w1280/6Tjg6DWVo2cpqDLxrOQNw1UvIMB.jpg</fanart>
</plugin>

<plugin>
   <title>Harry Potter and the Deathly Hallows: Part 1</title>
   <link>plugin://script.extendedinfo?info=extendedinfo&id=12444</link>
   <thumbnail>https://image.tmdb.org/t/p/w1280/maP4MTfPCeVD2FZbKTLUgriOW4R.jpg</thumbnail>
   <fanart>https://image.tmdb.org/t/p/w1280/maP4MTfPCeVD2FZbKTLUgriOW4R.jpg</fanart>
</plugin>

<plugin>
   <title>The Social Network</title>
   <link>plugin://script.extendedinfo?info=extendedinfo&id=37799</link>
   <thumbnail>https://image.tmdb.org/t/p/w1280/ok5Wh8385Kgblq9MSU4VGvazeMH.jpg</thumbnail>
   <fanart>https://image.tmdb.org/t/p/w1280/ok5Wh8385Kgblq9MSU4VGvazeMH.jpg</fanart>
</plugin>

<plugin>
   <title>Percy Jackson &amp; the Olympians: The Lightning Thief</title>
   <link>plugin://script.extendedinfo?info=extendedinfo&id=32657</link>
   <thumbnail>https://image.tmdb.org/t/p/w1280/5NhyXkodMzDRW8uqtPqlxJsoBhf.jpg</thumbnail>
   <fanart>https://image.tmdb.org/t/p/w1280/5NhyXkodMzDRW8uqtPqlxJsoBhf.jpg</fanart>
</plugin>

<plugin>
   <title>Predators</title>
   <link>plugin://script.extendedinfo?info=extendedinfo&id=34851</link>
   <thumbnail>https://image.tmdb.org/t/p/w1280/wdniP8NDaJIydi1hMxhpbJMUfr6.jpg</thumbnail>
   <fanart>https://image.tmdb.org/t/p/w1280/wdniP8NDaJIydi1hMxhpbJMUfr6.jpg</fanart>
</plugin>

<plugin>
   <title>Saw: The Final Chapter</title>
   <link>plugin://script.extendedinfo?info=extendedinfo&id=41439</link>
   <thumbnail>https://image.tmdb.org/t/p/w1280/mBQX4TCfDEk2a5mvu0Z0PFeFoUp.jpg</thumbnail>
   <fanart>https://image.tmdb.org/t/p/w1280/mBQX4TCfDEk2a5mvu0Z0PFeFoUp.jpg</fanart>
</plugin>

<plugin>
   <title>The Expendables</title>
   <link>plugin://script.extendedinfo?info=extendedinfo&id=27578</link>
   <thumbnail>https://image.tmdb.org/t/p/w1280/4gLFKsalwRy0ONzfYaRsKr5wilK.jpg</thumbnail>
   <fanart>https://image.tmdb.org/t/p/w1280/4gLFKsalwRy0ONzfYaRsKr5wilK.jpg</fanart>
</plugin>

<plugin>
   <title>How to Train Your Dragon</title>
   <link>plugin://script.extendedinfo?info=extendedinfo&id=10191</link>
   <thumbnail>https://image.tmdb.org/t/p/w1280/hIXX3IRFy0InUOmYeWjvhCAgQNj.jpg</thumbnail>
   <fanart>https://image.tmdb.org/t/p/w1280/hIXX3IRFy0InUOmYeWjvhCAgQNj.jpg</fanart>
</plugin>

<plugin>
   <title>Toy Story 3</title>
   <link>plugin://script.extendedinfo?info=extendedinfo&id=10193</link>
   <thumbnail>https://image.tmdb.org/t/p/w1280/mMltbSxwEdNE4Cv8QYLpzkHWTDo.jpg</thumbnail>
   <fanart>https://image.tmdb.org/t/p/w1280/mMltbSxwEdNE4Cv8QYLpzkHWTDo.jpg</fanart>
</plugin>

<plugin>
   <title>The Twilight Saga: Eclipse</title>
   <link>plugin://script.extendedinfo?info=extendedinfo&id=24021</link>
   <thumbnail>https://image.tmdb.org/t/p/w1280/4IIFFKd9vxrlicNbAPS8ONEgIFp.jpg</thumbnail>
   <fanart>https://image.tmdb.org/t/p/w1280/4IIFFKd9vxrlicNbAPS8ONEgIFp.jpg</fanart>
</plugin>

<plugin>
   <title>Megamind</title>
   <link>plugin://script.extendedinfo?info=extendedinfo&id=38055</link>
   <thumbnail>https://image.tmdb.org/t/p/w1280/amXAUSAUrnGuLGEyc1ZNhBvgbnF.jpg</thumbnail>
   <fanart>https://image.tmdb.org/t/p/w1280/amXAUSAUrnGuLGEyc1ZNhBvgbnF.jpg</fanart>
</plugin>

<plugin>
   <title>Kick-Ass</title>
   <link>plugin://script.extendedinfo?info=extendedinfo&id=23483</link>
   <thumbnail>https://image.tmdb.org/t/p/w1280/yZFrniO6qSwjTCosStXweYtczGT.jpg</thumbnail>
   <fanart>https://image.tmdb.org/t/p/w1280/yZFrniO6qSwjTCosStXweYtczGT.jpg</fanart>
</plugin>

<plugin>
   <title>Tangled</title>
   <link>plugin://script.extendedinfo?info=extendedinfo&id=38757</link>
   <thumbnail>https://image.tmdb.org/t/p/w1280/re6AOJbhBk9FIK3knwU6rYlbPDx.jpg</thumbnail>
   <fanart>https://image.tmdb.org/t/p/w1280/re6AOJbhBk9FIK3knwU6rYlbPDx.jpg</fanart>
</plugin>

<plugin>
   <title>Salt</title>
   <link>plugin://script.extendedinfo?info=extendedinfo&id=27576</link>
   <thumbnail>https://image.tmdb.org/t/p/w1280/956xMjH4sPoqimqoLOP6AI19mjm.jpg</thumbnail>
   <fanart>https://image.tmdb.org/t/p/w1280/956xMjH4sPoqimqoLOP6AI19mjm.jpg</fanart>
</plugin>

<plugin>
   <title>Shutter Island</title>
   <link>plugin://script.extendedinfo?info=extendedinfo&id=11324</link>
   <thumbnail>https://image.tmdb.org/t/p/w1280/zumLrxQmbpqhGcjpYcmZ1YXCCvI.jpg</thumbnail>
   <fanart>https://image.tmdb.org/t/p/w1280/zumLrxQmbpqhGcjpYcmZ1YXCCvI.jpg</fanart>
</plugin>

<plugin>
   <title>Alice in Wonderland</title>
   <link>plugin://script.extendedinfo?info=extendedinfo&id=12155</link>
   <thumbnail>https://image.tmdb.org/t/p/w1280/pvEE5EN5N1yjmHmldfL4aJWm56l.jpg</thumbnail>
   <fanart>https://image.tmdb.org/t/p/w1280/pvEE5EN5N1yjmHmldfL4aJWm56l.jpg</fanart>
</plugin>

<plugin>
   <title>Scott Pilgrim vs. the World</title>
   <link>plugin://script.extendedinfo?info=extendedinfo&id=22538</link>
   <thumbnail>https://image.tmdb.org/t/p/w1280/lafRuPbjEQrrHG9QEaoyV2znZC.jpg</thumbnail>
   <fanart>https://image.tmdb.org/t/p/w1280/lafRuPbjEQrrHG9QEaoyV2znZC.jpg</fanart>
</plugin>

</xml>