<xml>

<plugin>
   <title>Thor</title>
   <link>plugin://script.extendedinfo?info=extendedinfo&id=10195</link>
   <thumbnail>https://image.tmdb.org/t/p/w1280/bIuOWTtyFPjsFDevqvF3QrD1aun.jpg</thumbnail>
   <fanart>https://image.tmdb.org/t/p/w1280/bIuOWTtyFPjsFDevqvF3QrD1aun.jpg</fanart>
</plugin>

<plugin>
   <title>Captain America: The First Avenger</title>
   <link>plugin://script.extendedinfo?info=extendedinfo&id=1771</link>
   <thumbnail>https://image.tmdb.org/t/p/w1280/vSNxAJTlD0r02V9sPYpOjqDZXUK.jpg</thumbnail>
   <fanart>https://image.tmdb.org/t/p/w1280/vSNxAJTlD0r02V9sPYpOjqDZXUK.jpg</fanart>
</plugin>

<plugin>
   <title>Rise of the Planet of the Apes</title>
   <link>plugin://script.extendedinfo?info=extendedinfo&id=61791</link>
   <thumbnail>https://image.tmdb.org/t/p/w1280/ddWSWgAjAhksNhMeeBTSqY6otIA.jpg</thumbnail>
   <fanart>https://image.tmdb.org/t/p/w1280/ddWSWgAjAhksNhMeeBTSqY6otIA.jpg</fanart>
</plugin>

<plugin>
   <title>Pirates of the Caribbean: On Stranger Tides</title>
   <link>plugin://script.extendedinfo?info=extendedinfo&id=1865</link>
   <thumbnail>https://image.tmdb.org/t/p/w1280/wNUDAq5OUMOtxMlz64YaCp7gZma.jpg</thumbnail>
   <fanart>https://image.tmdb.org/t/p/w1280/wNUDAq5OUMOtxMlz64YaCp7gZma.jpg</fanart>
</plugin>

<plugin>
   <title>Mission: Impossible - Ghost Protocol</title>
   <link>plugin://script.extendedinfo?info=extendedinfo&id=56292</link>
   <thumbnail>https://image.tmdb.org/t/p/w1280/s58mMsgIVOFfoXPtwPWJ3hDYpXf.jpg</thumbnail>
   <fanart>https://image.tmdb.org/t/p/w1280/s58mMsgIVOFfoXPtwPWJ3hDYpXf.jpg</fanart>
</plugin>

<plugin>
   <title>Sherlock Holmes: A Game of Shadows</title>
   <link>plugin://script.extendedinfo?info=extendedinfo&id=58574</link>
   <thumbnail>https://image.tmdb.org/t/p/w1280/7OFqsVuS6DlVM10GUD72vCGpQm9.jpg</thumbnail>
   <fanart>https://image.tmdb.org/t/p/w1280/7OFqsVuS6DlVM10GUD72vCGpQm9.jpg</fanart>
</plugin>

<plugin>
   <title>Wrong Turn 4: Bloody Beginnings</title>
   <link>plugin://script.extendedinfo?info=extendedinfo&id=71672</link>
   <thumbnail>https://image.tmdb.org/t/p/w1280/ogAYr3SdD5j2bFRX5briSOhe0Rw.jpg</thumbnail>
   <fanart>https://image.tmdb.org/t/p/w1280/ogAYr3SdD5j2bFRX5briSOhe0Rw.jpg</fanart>
</plugin>

<plugin>
   <title>Harry Potter and the Deathly Hallows: Part 2</title>
   <link>plugin://script.extendedinfo?info=extendedinfo&id=12445</link>
   <thumbnail>https://image.tmdb.org/t/p/w1280/fTplI1NCSuEDP4ITLcTps739fcC.jpg</thumbnail>
   <fanart>https://image.tmdb.org/t/p/w1280/fTplI1NCSuEDP4ITLcTps739fcC.jpg</fanart>
</plugin>

<plugin>
   <title>Gnomeo &amp; Juliet</title>
   <link>plugin://script.extendedinfo?info=extendedinfo&id=45772</link>
   <thumbnail>https://image.tmdb.org/t/p/w1280/atCBHTqq7khw5Z1KSVXDo6ncKWF.jpg</thumbnail>
   <fanart>https://image.tmdb.org/t/p/w1280/atCBHTqq7khw5Z1KSVXDo6ncKWF.jpg</fanart>
</plugin>

<plugin>
   <title>The Intouchables</title>
   <link>plugin://script.extendedinfo?info=extendedinfo&id=77338</link>
   <thumbnail>https://image.tmdb.org/t/p/w1280/4mFsNQwbD0F237Tx7gAPotd0nbJ.jpg</thumbnail>
   <fanart>https://image.tmdb.org/t/p/w1280/4mFsNQwbD0F237Tx7gAPotd0nbJ.jpg</fanart>
</plugin>

<plugin>
   <title>Drive</title>
   <link>plugin://script.extendedinfo?info=extendedinfo&id=64690</link>
   <thumbnail>https://image.tmdb.org/t/p/w1280/nu7XIa67cXc2t7frXCE5voXUJcN.jpg</thumbnail>
   <fanart>https://image.tmdb.org/t/p/w1280/nu7XIa67cXc2t7frXCE5voXUJcN.jpg</fanart>
</plugin>

<plugin>
   <title>There Be Dragons</title>
   <link>plugin://script.extendedinfo?info=extendedinfo&id=45054</link>
   <thumbnail>https://image.tmdb.org/t/p/w1280/dKgPtWZkHkTeYQRvLTsO0RBYaQZ.jpg</thumbnail>
   <fanart>https://image.tmdb.org/t/p/w1280/dKgPtWZkHkTeYQRvLTsO0RBYaQZ.jpg</fanart>
</plugin>

<plugin>
   <title>The Twilight Saga: Breaking Dawn - Part 1</title>
   <link>plugin://script.extendedinfo?info=extendedinfo&id=50619</link>
   <thumbnail>https://image.tmdb.org/t/p/w1280/q23U9glt0RJIvM0f7g5BqJbqncx.jpg</thumbnail>
   <fanart>https://image.tmdb.org/t/p/w1280/q23U9glt0RJIvM0f7g5BqJbqncx.jpg</fanart>
</plugin>

<plugin>
   <title>Source Code</title>
   <link>plugin://script.extendedinfo?info=extendedinfo&id=45612</link>
   <thumbnail>https://image.tmdb.org/t/p/w1280/cpl7R5d3qwWvykRRSxdhQ0htstU.jpg</thumbnail>
   <fanart>https://image.tmdb.org/t/p/w1280/cpl7R5d3qwWvykRRSxdhQ0htstU.jpg</fanart>
</plugin>

<plugin>
   <title>Friends with Benefits</title>
   <link>plugin://script.extendedinfo?info=extendedinfo&id=50544</link>
   <thumbnail>https://image.tmdb.org/t/p/w1280/tmVuyRSS9RYFs73YGbMnFous7DH.jpg</thumbnail>
   <fanart>https://image.tmdb.org/t/p/w1280/tmVuyRSS9RYFs73YGbMnFous7DH.jpg</fanart>
</plugin>

<plugin>
   <title>Kung Fu Panda 2</title>
   <link>plugin://script.extendedinfo?info=extendedinfo&id=49444</link>
   <thumbnail>https://image.tmdb.org/t/p/w1280/Fzyy2dauoKxjUzUPYYo3kJkJAW.jpg</thumbnail>
   <fanart>https://image.tmdb.org/t/p/w1280/Fzyy2dauoKxjUzUPYYo3kJkJAW.jpg</fanart>
</plugin>

<plugin>
   <title>Just Go with It</title>
   <link>plugin://script.extendedinfo?info=extendedinfo&id=50546</link>
   <thumbnail>https://image.tmdb.org/t/p/w1280/4sJDqzBaqBprkEy0aLjIGl7TrHx.jpg</thumbnail>
   <fanart>https://image.tmdb.org/t/p/w1280/4sJDqzBaqBprkEy0aLjIGl7TrHx.jpg</fanart>
</plugin>

<plugin>
   <title>The Mechanic</title>
   <link>plugin://script.extendedinfo?info=extendedinfo&id=27582</link>
   <thumbnail>https://image.tmdb.org/t/p/w1280/eScKoGnjaUvGD2OkK3DImyzfVkt.jpg</thumbnail>
   <fanart>https://image.tmdb.org/t/p/w1280/eScKoGnjaUvGD2OkK3DImyzfVkt.jpg</fanart>
</plugin>

<plugin>
   <title>Hugo</title>
   <link>plugin://script.extendedinfo?info=extendedinfo&id=44826</link>
   <thumbnail>https://image.tmdb.org/t/p/w1280/rSmmVKeW3nsP86V2S6R7ePs4CFw.jpg</thumbnail>
   <fanart>https://image.tmdb.org/t/p/w1280/rSmmVKeW3nsP86V2S6R7ePs4CFw.jpg</fanart>
</plugin>

<plugin>
   <title>50/50</title>
   <link>plugin://script.extendedinfo?info=extendedinfo&id=40807</link>
   <thumbnail>https://image.tmdb.org/t/p/w1280/uDKmnFHqE3rQ9r6ErQsOZWuzXN8.jpg</thumbnail>
   <fanart>https://image.tmdb.org/t/p/w1280/uDKmnFHqE3rQ9r6ErQsOZWuzXN8.jpg</fanart>
</plugin>

</xml>