<xml>

<plugin>
   <title>Thor: The Dark World</title>
   <link>plugin://script.extendedinfo?info=extendedinfo&id=76338</link>
   <thumbnail>https://image.tmdb.org/t/p/w1280/bnX5PqAdQZRXSw3aX3DutDcdso5.jpg</thumbnail>
   <fanart>https://image.tmdb.org/t/p/w1280/bnX5PqAdQZRXSw3aX3DutDcdso5.jpg</fanart>
</plugin>

<plugin>
   <title>Iron Man 3</title>
   <link>plugin://script.extendedinfo?info=extendedinfo&id=68721</link>
   <thumbnail>https://image.tmdb.org/t/p/w1280/1Ilv6ryHUv6rt9zIsbSEJUmmbEi.jpg</thumbnail>
   <fanart>https://image.tmdb.org/t/p/w1280/1Ilv6ryHUv6rt9zIsbSEJUmmbEi.jpg</fanart>
</plugin>

<plugin>
   <title>Frozen</title>
   <link>plugin://script.extendedinfo?info=extendedinfo&id=109445</link>
   <thumbnail>https://image.tmdb.org/t/p/w1280/jIjdFXKUNtdf1bwqMrhearpyjMj.jpg</thumbnail>
   <fanart>https://image.tmdb.org/t/p/w1280/jIjdFXKUNtdf1bwqMrhearpyjMj.jpg</fanart>
</plugin>

<plugin>
   <title>The Hunger Games: Catching Fire</title>
   <link>plugin://script.extendedinfo?info=extendedinfo&id=101299</link>
   <thumbnail>https://image.tmdb.org/t/p/w1280/Hn0KgefVEp0GkdTexS6gfKTMfi.jpg</thumbnail>
   <fanart>https://image.tmdb.org/t/p/w1280/Hn0KgefVEp0GkdTexS6gfKTMfi.jpg</fanart>
</plugin>

<plugin>
   <title>Now You See Me</title>
   <link>plugin://script.extendedinfo?info=extendedinfo&id=75656</link>
   <thumbnail>https://image.tmdb.org/t/p/w1280/A06e9YJ5ry3WXEIFIAD1mKBxcuZ.jpg</thumbnail>
   <fanart>https://image.tmdb.org/t/p/w1280/A06e9YJ5ry3WXEIFIAD1mKBxcuZ.jpg</fanart>
</plugin>

<plugin>
   <title>The Wolf of Wall Street</title>
   <link>plugin://script.extendedinfo?info=extendedinfo&id=106646</link>
   <thumbnail>https://image.tmdb.org/t/p/w1280/vK1o5rZGqxyovfIhZyMELhk03wO.jpg</thumbnail>
   <fanart>https://image.tmdb.org/t/p/w1280/vK1o5rZGqxyovfIhZyMELhk03wO.jpg</fanart>
</plugin>

<plugin>
   <title>Despicable Me 2</title>
   <link>plugin://script.extendedinfo?info=extendedinfo&id=93456</link>
   <thumbnail>https://image.tmdb.org/t/p/w1280/kQrYyZQHkwkUg2KlUDyvymj9FAp.jpg</thumbnail>
   <fanart>https://image.tmdb.org/t/p/w1280/kQrYyZQHkwkUg2KlUDyvymj9FAp.jpg</fanart>
</plugin>

<plugin>
   <title>The Hobbit: The Desolation of Smaug</title>
   <link>plugin://script.extendedinfo?info=extendedinfo&id=57158</link>
   <thumbnail>https://image.tmdb.org/t/p/w1280/gQCiuxGsfiXH1su6lp9n0nd0UeH.jpg</thumbnail>
   <fanart>https://image.tmdb.org/t/p/w1280/gQCiuxGsfiXH1su6lp9n0nd0UeH.jpg</fanart>
</plugin>

<plugin>
   <title>Man of Steel</title>
   <link>plugin://script.extendedinfo?info=extendedinfo&id=49521</link>
   <thumbnail>https://image.tmdb.org/t/p/w1280/xWlaTLnD8NJMTT9PGOD9z5re1SL.jpg</thumbnail>
   <fanart>https://image.tmdb.org/t/p/w1280/xWlaTLnD8NJMTT9PGOD9z5re1SL.jpg</fanart>
</plugin>

<plugin>
   <title>12 Years a Slave</title>
   <link>plugin://script.extendedinfo?info=extendedinfo&id=76203</link>
   <thumbnail>https://image.tmdb.org/t/p/w1280/kb3X943WMIJYVg4SOAyK0pmWL5D.jpg</thumbnail>
   <fanart>https://image.tmdb.org/t/p/w1280/kb3X943WMIJYVg4SOAyK0pmWL5D.jpg</fanart>
</plugin>

<plugin>
   <title>Pacific Rim</title>
   <link>plugin://script.extendedinfo?info=extendedinfo&id=68726</link>
   <thumbnail>https://image.tmdb.org/t/p/w1280/sCJEwEShZvruTpQ2a4yiX3Q9EyZ.jpg</thumbnail>
   <fanart>https://image.tmdb.org/t/p/w1280/sCJEwEShZvruTpQ2a4yiX3Q9EyZ.jpg</fanart>
</plugin>

<plugin>
   <title>The Purge</title>
   <link>plugin://script.extendedinfo?info=extendedinfo&id=158015</link>
   <thumbnail>https://image.tmdb.org/t/p/w1280/tGGJOuLHX7UDlTz57sjfhW1qreP.jpg</thumbnail>
   <fanart>https://image.tmdb.org/t/p/w1280/tGGJOuLHX7UDlTz57sjfhW1qreP.jpg</fanart>
</plugin>

<plugin>
   <title>Nymphomaniac: Vol. II</title>
   <link>plugin://script.extendedinfo?info=extendedinfo&id=249397</link>
   <thumbnail>https://image.tmdb.org/t/p/w1280/2FBFiDhx3tGe8PG4A5iuCbeIJ4s.jpg</thumbnail>
   <fanart>https://image.tmdb.org/t/p/w1280/2FBFiDhx3tGe8PG4A5iuCbeIJ4s.jpg</fanart>
</plugin>

<plugin>
   <title>Prisoners</title>
   <link>plugin://script.extendedinfo?info=extendedinfo&id=146233</link>
   <thumbnail>https://image.tmdb.org/t/p/w1280/yAhqW57pwMAsCgmZpM5zSIVQVTh.jpg</thumbnail>
   <fanart>https://image.tmdb.org/t/p/w1280/yAhqW57pwMAsCgmZpM5zSIVQVTh.jpg</fanart>
</plugin>

<plugin>
   <title>Elysium</title>
   <link>plugin://script.extendedinfo?info=extendedinfo&id=68724</link>
   <thumbnail>https://image.tmdb.org/t/p/w1280/tHkjoAxmhp3Eau1h0Ir7maKMwUz.jpg</thumbnail>
   <fanart>https://image.tmdb.org/t/p/w1280/tHkjoAxmhp3Eau1h0Ir7maKMwUz.jpg</fanart>
</plugin>

<plugin>
   <title>The Great Gatsby</title>
   <link>plugin://script.extendedinfo?info=extendedinfo&id=64682</link>
   <thumbnail>https://image.tmdb.org/t/p/w1280/oJpOYPpVWyPeunGbbDGH1KFvea0.jpg</thumbnail>
   <fanart>https://image.tmdb.org/t/p/w1280/oJpOYPpVWyPeunGbbDGH1KFvea0.jpg</fanart>
</plugin>

<plugin>
   <title>Monsters University</title>
   <link>plugin://script.extendedinfo?info=extendedinfo&id=62211</link>
   <thumbnail>https://image.tmdb.org/t/p/w1280/a05xQU9huY3P5uurLcGGHmsf2Vh.jpg</thumbnail>
   <fanart>https://image.tmdb.org/t/p/w1280/a05xQU9huY3P5uurLcGGHmsf2Vh.jpg</fanart>
</plugin>

<plugin>
   <title>Gravity</title>
   <link>plugin://script.extendedinfo?info=extendedinfo&id=49047</link>
   <thumbnail>https://image.tmdb.org/t/p/w1280/uPxtxhB2Fy9ihVqtBtNGHmknJqV.jpg</thumbnail>
   <fanart>https://image.tmdb.org/t/p/w1280/uPxtxhB2Fy9ihVqtBtNGHmknJqV.jpg</fanart>
</plugin>

<plugin>
   <title>Batman: The Dark Knight Returns, Part 2</title>
   <link>plugin://script.extendedinfo?info=extendedinfo&id=142061</link>
   <thumbnail>https://image.tmdb.org/t/p/w1280/wPeorCnD9MRR2S9Dzh4OpIgNLiv.jpg</thumbnail>
   <fanart>https://image.tmdb.org/t/p/w1280/wPeorCnD9MRR2S9Dzh4OpIgNLiv.jpg</fanart>
</plugin>

<plugin>
   <title>Star Trek Into Darkness</title>
   <link>plugin://script.extendedinfo?info=extendedinfo&id=54138</link>
   <thumbnail>https://image.tmdb.org/t/p/w1280/41mhrXASAW3sdn7LBWF49uCX0xi.jpg</thumbnail>
   <fanart>https://image.tmdb.org/t/p/w1280/41mhrXASAW3sdn7LBWF49uCX0xi.jpg</fanart>
</plugin>

</xml>