<xml>

<plugin>
   <title>Guardians of the Galaxy</title>
   <link>plugin://script.extendedinfo?info=extendedinfo&id=118340</link>
   <thumbnail>https://image.tmdb.org/t/p/w1280/y31QB9kn3XSudA15tV7UWQ9XLuW.jpg</thumbnail>
   <fanart>https://image.tmdb.org/t/p/w1280/y31QB9kn3XSudA15tV7UWQ9XLuW.jpg</fanart>
</plugin>

<plugin>
   <title>The Maze Runner</title>
   <link>plugin://script.extendedinfo?info=extendedinfo&id=198663</link>
   <thumbnail>https://image.tmdb.org/t/p/w1280/coss7RgL0NH6g4fC2s5atvf3dFO.jpg</thumbnail>
   <fanart>https://image.tmdb.org/t/p/w1280/coss7RgL0NH6g4fC2s5atvf3dFO.jpg</fanart>
</plugin>

<plugin>
   <title>X-Men: Days of Future Past</title>
   <link>plugin://script.extendedinfo?info=extendedinfo&id=127585</link>
   <thumbnail>https://image.tmdb.org/t/p/w1280/qKkFk9HELmABpcPoc1HHZGIxQ5a.jpg</thumbnail>
   <fanart>https://image.tmdb.org/t/p/w1280/qKkFk9HELmABpcPoc1HHZGIxQ5a.jpg</fanart>
</plugin>

<plugin>
   <title>Taken 3</title>
   <link>plugin://script.extendedinfo?info=extendedinfo&id=260346</link>
   <thumbnail>https://image.tmdb.org/t/p/w1280/ikDwR3i2bczqnRf1urJTy77YTFf.jpg</thumbnail>
   <fanart>https://image.tmdb.org/t/p/w1280/ikDwR3i2bczqnRf1urJTy77YTFf.jpg</fanart>
</plugin>

<plugin>
   <title>Dawn of the Planet of the Apes</title>
   <link>plugin://script.extendedinfo?info=extendedinfo&id=119450</link>
   <thumbnail>https://image.tmdb.org/t/p/w1280/2EUAUIu5lHFlkj5FRryohlH6CRO.jpg</thumbnail>
   <fanart>https://image.tmdb.org/t/p/w1280/2EUAUIu5lHFlkj5FRryohlH6CRO.jpg</fanart>
</plugin>

<plugin>
   <title>John Wick</title>
   <link>plugin://script.extendedinfo?info=extendedinfo&id=245891</link>
   <thumbnail>https://image.tmdb.org/t/p/w1280/5vHssUeVe25bMrof1HyaPyWgaP.jpg</thumbnail>
   <fanart>https://image.tmdb.org/t/p/w1280/5vHssUeVe25bMrof1HyaPyWgaP.jpg</fanart>
</plugin>

<plugin>
   <title>Gone Girl</title>
   <link>plugin://script.extendedinfo?info=extendedinfo&id=210577</link>
   <thumbnail>https://image.tmdb.org/t/p/w1280/gdiLTof3rbPDAmPaCf4g6op46bj.jpg</thumbnail>
   <fanart>https://image.tmdb.org/t/p/w1280/gdiLTof3rbPDAmPaCf4g6op46bj.jpg</fanart>
</plugin>

<plugin>
   <title>The Hobbit: The Battle of the Five Armies</title>
   <link>plugin://script.extendedinfo?info=extendedinfo&id=122917</link>
   <thumbnail>https://image.tmdb.org/t/p/w1280/9zRzFJuaj0CHIOhAkcCcFTvyu2X.jpg</thumbnail>
   <fanart>https://image.tmdb.org/t/p/w1280/9zRzFJuaj0CHIOhAkcCcFTvyu2X.jpg</fanart>
</plugin>

<plugin>
   <title>Interstellar</title>
   <link>plugin://script.extendedinfo?info=extendedinfo&id=157336</link>
   <thumbnail>https://image.tmdb.org/t/p/w1280/nBNZadXqJSdt05SHLqgT0HuC5Gm.jpg</thumbnail>
   <fanart>https://image.tmdb.org/t/p/w1280/nBNZadXqJSdt05SHLqgT0HuC5Gm.jpg</fanart>
</plugin>

<plugin>
   <title>The Purge: Anarchy</title>
   <link>plugin://script.extendedinfo?info=extendedinfo&id=238636</link>
   <thumbnail>https://image.tmdb.org/t/p/w1280/l1DRl40x2OWUoPP42v8fjKdS1Z3.jpg</thumbnail>
   <fanart>https://image.tmdb.org/t/p/w1280/l1DRl40x2OWUoPP42v8fjKdS1Z3.jpg</fanart>
</plugin>

<plugin>
   <title>The Hunger Games: Mockingjay - Part 1</title>
   <link>plugin://script.extendedinfo?info=extendedinfo&id=131631</link>
   <thumbnail>https://image.tmdb.org/t/p/w1280/gj282Pniaa78ZJfbaixyLXnXEDI.jpg</thumbnail>
   <fanart>https://image.tmdb.org/t/p/w1280/gj282Pniaa78ZJfbaixyLXnXEDI.jpg</fanart>
</plugin>

<plugin>
   <title>Whiplash</title>
   <link>plugin://script.extendedinfo?info=extendedinfo&id=244786</link>
   <thumbnail>https://image.tmdb.org/t/p/w1280/lIv1QinFqz4dlp5U4lQ6HaiskOZ.jpg</thumbnail>
   <fanart>https://image.tmdb.org/t/p/w1280/lIv1QinFqz4dlp5U4lQ6HaiskOZ.jpg</fanart>
</plugin>

<plugin>
   <title>Teenage Mutant Ninja Turtles</title>
   <link>plugin://script.extendedinfo?info=extendedinfo&id=98566</link>
   <thumbnail>https://image.tmdb.org/t/p/w1280/oDL2ryJ0sV2bmjgshVgJb3qzvwp.jpg</thumbnail>
   <fanart>https://image.tmdb.org/t/p/w1280/oDL2ryJ0sV2bmjgshVgJb3qzvwp.jpg</fanart>
</plugin>

<plugin>
   <title>Big Hero 6</title>
   <link>plugin://script.extendedinfo?info=extendedinfo&id=177572</link>
   <thumbnail>https://image.tmdb.org/t/p/w1280/9gLu47Zw5ertuFTZaxXOvNfy78T.jpg</thumbnail>
   <fanart>https://image.tmdb.org/t/p/w1280/9gLu47Zw5ertuFTZaxXOvNfy78T.jpg</fanart>
</plugin>

<plugin>
   <title>Night at the Museum: Secret of the Tomb</title>
   <link>plugin://script.extendedinfo?info=extendedinfo&id=181533</link>
   <thumbnail>https://image.tmdb.org/t/p/w1280/tWwASv4CU1Au1IukacdSUewDCV3.jpg</thumbnail>
   <fanart>https://image.tmdb.org/t/p/w1280/tWwASv4CU1Au1IukacdSUewDCV3.jpg</fanart>
</plugin>

<plugin>
   <title>Fury</title>
   <link>plugin://script.extendedinfo?info=extendedinfo&id=228150</link>
   <thumbnail>https://image.tmdb.org/t/p/w1280/pfte7wdMobMF4CVHuOxyu6oqeeA.jpg</thumbnail>
   <fanart>https://image.tmdb.org/t/p/w1280/pfte7wdMobMF4CVHuOxyu6oqeeA.jpg</fanart>
</plugin>

<plugin>
   <title>A Walk Among the Tombstones</title>
   <link>plugin://script.extendedinfo?info=extendedinfo&id=169917</link>
   <thumbnail>https://image.tmdb.org/t/p/w1280/xxe77USOk2tPnq7G4cL42gf1OxQ.jpg</thumbnail>
   <fanart>https://image.tmdb.org/t/p/w1280/xxe77USOk2tPnq7G4cL42gf1OxQ.jpg</fanart>
</plugin>

<plugin>
   <title>Birdman</title>
   <link>plugin://script.extendedinfo?info=extendedinfo&id=194662</link>
   <thumbnail>https://image.tmdb.org/t/p/w1280/rSZs93P0LLxqlVEbI001UKoeCQC.jpg</thumbnail>
   <fanart>https://image.tmdb.org/t/p/w1280/rSZs93P0LLxqlVEbI001UKoeCQC.jpg</fanart>
</plugin>

<plugin>
   <title>Sin City: A Dame to Kill For</title>
   <link>plugin://script.extendedinfo?info=extendedinfo&id=189</link>
   <thumbnail>https://image.tmdb.org/t/p/w1280/k80qKrJ0qQ6ocVo5N932stNSg6j.jpg</thumbnail>
   <fanart>https://image.tmdb.org/t/p/w1280/k80qKrJ0qQ6ocVo5N932stNSg6j.jpg</fanart>
</plugin>

<plugin>
   <title>Captain America: The Winter Soldier</title>
   <link>plugin://script.extendedinfo?info=extendedinfo&id=100402</link>
   <thumbnail>https://image.tmdb.org/t/p/w1280/5TQ6YDmymBpnF005OyoB7ohZps9.jpg</thumbnail>
   <fanart>https://image.tmdb.org/t/p/w1280/5TQ6YDmymBpnF005OyoB7ohZps9.jpg</fanart>
</plugin>

</xml>