<xml>

<plugin>
   <title>Avengers: Age of Ultron</title>
   <link>plugin://script.extendedinfo?info=extendedinfo&id=99861</link>
   <thumbnail>https://image.tmdb.org/t/p/w1280/t90Y3G8UGQp0f0DrP60wRu9gfrH.jpg</thumbnail>
   <fanart>https://image.tmdb.org/t/p/w1280/t90Y3G8UGQp0f0DrP60wRu9gfrH.jpg</fanart>
</plugin>

<plugin>
   <title>Jurassic World</title>
   <link>plugin://script.extendedinfo?info=extendedinfo&id=135397</link>
   <thumbnail>https://image.tmdb.org/t/p/w1280/jjBgi2r5cRt36xF6iNUEhzscEcb.jpg</thumbnail>
   <fanart>https://image.tmdb.org/t/p/w1280/jjBgi2r5cRt36xF6iNUEhzscEcb.jpg</fanart>
</plugin>

<plugin>
   <title>Run All Night</title>
   <link>plugin://script.extendedinfo?info=extendedinfo&id=241554</link>
   <thumbnail>https://image.tmdb.org/t/p/w1280/aqNJrAxudMRNo8jg3HOUQqdl2xr.jpg</thumbnail>
   <fanart>https://image.tmdb.org/t/p/w1280/aqNJrAxudMRNo8jg3HOUQqdl2xr.jpg</fanart>
</plugin>

<plugin>
   <title>Ant-Man</title>
   <link>plugin://script.extendedinfo?info=extendedinfo&id=102899</link>
   <thumbnail>https://image.tmdb.org/t/p/w1280/D6e8RJf2qUstnfkTslTXNTUAlT.jpg</thumbnail>
   <fanart>https://image.tmdb.org/t/p/w1280/D6e8RJf2qUstnfkTslTXNTUAlT.jpg</fanart>
</plugin>

<plugin>
   <title>Fifty Shades of Grey</title>
   <link>plugin://script.extendedinfo?info=extendedinfo&id=216015</link>
   <thumbnail>https://image.tmdb.org/t/p/w1280/jV8wnk3Jgz6f7degmT3lHNGI2tK.jpg</thumbnail>
   <fanart>https://image.tmdb.org/t/p/w1280/jV8wnk3Jgz6f7degmT3lHNGI2tK.jpg</fanart>
</plugin>

<plugin>
   <title>Star Wars: The Force Awakens</title>
   <link>plugin://script.extendedinfo?info=extendedinfo&id=140607</link>
   <thumbnail>https://image.tmdb.org/t/p/w1280/weUSwMdQIa3NaXVzwUoIIcAi85d.jpg</thumbnail>
   <fanart>https://image.tmdb.org/t/p/w1280/weUSwMdQIa3NaXVzwUoIIcAi85d.jpg</fanart>
</plugin>

<plugin>
   <title>Kingsman: The Secret Service</title>
   <link>plugin://script.extendedinfo?info=extendedinfo&id=207703</link>
   <thumbnail>https://image.tmdb.org/t/p/w1280/8x7ej0LnHdKUqilNNJXYOeyB6L9.jpg</thumbnail>
   <fanart>https://image.tmdb.org/t/p/w1280/8x7ej0LnHdKUqilNNJXYOeyB6L9.jpg</fanart>
</plugin>

<plugin>
   <title>Terminator Genisys</title>
   <link>plugin://script.extendedinfo?info=extendedinfo&id=87101</link>
   <thumbnail>https://image.tmdb.org/t/p/w1280/5JU9ytZJyR3zmClGmVm9q4Geqbd.jpg</thumbnail>
   <fanart>https://image.tmdb.org/t/p/w1280/5JU9ytZJyR3zmClGmVm9q4Geqbd.jpg</fanart>
</plugin>

<plugin>
   <title>Mad Max: Fury Road</title>
   <link>plugin://script.extendedinfo?info=extendedinfo&id=76341</link>
   <thumbnail>https://image.tmdb.org/t/p/w1280/kqjL17yufvn9OVLyXYpvtyrFfak.jpg</thumbnail>
   <fanart>https://image.tmdb.org/t/p/w1280/kqjL17yufvn9OVLyXYpvtyrFfak.jpg</fanart>
</plugin>

<plugin>
   <title>Chappie</title>
   <link>plugin://script.extendedinfo?info=extendedinfo&id=198184</link>
   <thumbnail>https://image.tmdb.org/t/p/w1280/saF3HtAduvrP9ytXDxSnQJP3oqx.jpg</thumbnail>
   <fanart>https://image.tmdb.org/t/p/w1280/saF3HtAduvrP9ytXDxSnQJP3oqx.jpg</fanart>
</plugin>

<plugin>
   <title>Spectre</title>
   <link>plugin://script.extendedinfo?info=extendedinfo&id=206647</link>
   <thumbnail>https://image.tmdb.org/t/p/w1280/hE24GYddaxB9MVZl1CaiI86M3kp.jpg</thumbnail>
   <fanart>https://image.tmdb.org/t/p/w1280/hE24GYddaxB9MVZl1CaiI86M3kp.jpg</fanart>
</plugin>

<plugin>
   <title>The Martian</title>
   <link>plugin://script.extendedinfo?info=extendedinfo&id=286217</link>
   <thumbnail>https://image.tmdb.org/t/p/w1280/5aGhaIHYuQbqlHWvWYqMCnj40y2.jpg</thumbnail>
   <fanart>https://image.tmdb.org/t/p/w1280/5aGhaIHYuQbqlHWvWYqMCnj40y2.jpg</fanart>
</plugin>

<plugin>
   <title>Furious 7</title>
   <link>plugin://script.extendedinfo?info=extendedinfo&id=168259</link>
   <thumbnail>https://image.tmdb.org/t/p/w1280/dCgm7efXDmiABSdWDHBDBx2jwmn.jpg</thumbnail>
   <fanart>https://image.tmdb.org/t/p/w1280/dCgm7efXDmiABSdWDHBDBx2jwmn.jpg</fanart>
</plugin>

<plugin>
   <title>San Andreas</title>
   <link>plugin://script.extendedinfo?info=extendedinfo&id=254128</link>
   <thumbnail>https://image.tmdb.org/t/p/w1280/qey0tdcOp9kCDdEZuJ87yE3crSe.jpg</thumbnail>
   <fanart>https://image.tmdb.org/t/p/w1280/qey0tdcOp9kCDdEZuJ87yE3crSe.jpg</fanart>
</plugin>

<plugin>
   <title>Insurgent</title>
   <link>plugin://script.extendedinfo?info=extendedinfo&id=262500</link>
   <thumbnail>https://image.tmdb.org/t/p/w1280/6w1VjTPTjTaA5oNvsAg0y4H6bou.jpg</thumbnail>
   <fanart>https://image.tmdb.org/t/p/w1280/6w1VjTPTjTaA5oNvsAg0y4H6bou.jpg</fanart>
</plugin>

<plugin>
   <title>Inside Out</title>
   <link>plugin://script.extendedinfo?info=extendedinfo&id=150540</link>
   <thumbnail>https://image.tmdb.org/t/p/w1280/aAmfIX3TT40zUHGcCKrlOZRKC7u.jpg</thumbnail>
   <fanart>https://image.tmdb.org/t/p/w1280/aAmfIX3TT40zUHGcCKrlOZRKC7u.jpg</fanart>
</plugin>

<plugin>
   <title>Maze Runner: The Scorch Trials</title>
   <link>plugin://script.extendedinfo?info=extendedinfo&id=294254</link>
   <thumbnail>https://image.tmdb.org/t/p/w1280/vlTPQANjLYTebzFJM1G4KeON0cb.jpg</thumbnail>
   <fanart>https://image.tmdb.org/t/p/w1280/vlTPQANjLYTebzFJM1G4KeON0cb.jpg</fanart>
</plugin>

<plugin>
   <title>Tomorrowland</title>
   <link>plugin://script.extendedinfo?info=extendedinfo&id=158852</link>
   <thumbnail>https://image.tmdb.org/t/p/w1280/69Cz9VNQZy39fUE2g0Ggth6SBTM.jpg</thumbnail>
   <fanart>https://image.tmdb.org/t/p/w1280/69Cz9VNQZy39fUE2g0Ggth6SBTM.jpg</fanart>
</plugin>

<plugin>
   <title>Jupiter Ascending</title>
   <link>plugin://script.extendedinfo?info=extendedinfo&id=76757</link>
   <thumbnail>https://image.tmdb.org/t/p/w1280/aMEsvTUklw0uZ3gk3Q6lAj6302a.jpg</thumbnail>
   <fanart>https://image.tmdb.org/t/p/w1280/aMEsvTUklw0uZ3gk3Q6lAj6302a.jpg</fanart>
</plugin>

<plugin>
   <title>Goosebumps</title>
   <link>plugin://script.extendedinfo?info=extendedinfo&id=257445</link>
   <thumbnail>https://image.tmdb.org/t/p/w1280/cvuNet2rxPiTf9L0eQRNpBi7zgp.jpg</thumbnail>
   <fanart>https://image.tmdb.org/t/p/w1280/cvuNet2rxPiTf9L0eQRNpBi7zgp.jpg</fanart>
</plugin>

</xml>