<xml>

<plugin>
   <title>Zootopia</title>
   <link>plugin://script.extendedinfo?info=extendedinfo&id=269149</link>
   <thumbnail>https://image.tmdb.org/t/p/w1280/sM33SANp9z6rXW8Itn7NnG1GOEs.jpg</thumbnail>
   <fanart>https://image.tmdb.org/t/p/w1280/sM33SANp9z6rXW8Itn7NnG1GOEs.jpg</fanart>
</plugin>

<plugin>
   <title>Deadpool</title>
   <link>plugin://script.extendedinfo?info=extendedinfo&id=293660</link>
   <thumbnail>https://image.tmdb.org/t/p/w1280/inVq3FRqcYIRl2la8iZikYYxFNR.jpg</thumbnail>
   <fanart>https://image.tmdb.org/t/p/w1280/inVq3FRqcYIRl2la8iZikYYxFNR.jpg</fanart>
</plugin>

<plugin>
   <title>Captain America: Civil War</title>
   <link>plugin://script.extendedinfo?info=extendedinfo&id=271110</link>
   <thumbnail>https://image.tmdb.org/t/p/w1280/kSBXou5Ac7vEqKd97wotJumyJvU.jpg</thumbnail>
   <fanart>https://image.tmdb.org/t/p/w1280/kSBXou5Ac7vEqKd97wotJumyJvU.jpg</fanart>
</plugin>

<plugin>
   <title>Doctor Strange</title>
   <link>plugin://script.extendedinfo?info=extendedinfo&id=284052</link>
   <thumbnail>https://image.tmdb.org/t/p/w1280/4PiiNGXj1KENTmCBHeN6Mskj2Fq.jpg</thumbnail>
   <fanart>https://image.tmdb.org/t/p/w1280/4PiiNGXj1KENTmCBHeN6Mskj2Fq.jpg</fanart>
</plugin>

<plugin>
   <title>Batman v Superman: Dawn of Justice</title>
   <link>plugin://script.extendedinfo?info=extendedinfo&id=209112</link>
   <thumbnail>https://image.tmdb.org/t/p/w1280/cGOPbv9wA5gEejkUN892JrveARt.jpg</thumbnail>
   <fanart>https://image.tmdb.org/t/p/w1280/cGOPbv9wA5gEejkUN892JrveARt.jpg</fanart>
</plugin>

<plugin>
   <title>X-Men: Apocalypse</title>
   <link>plugin://script.extendedinfo?info=extendedinfo&id=246655</link>
   <thumbnail>https://image.tmdb.org/t/p/w1280/zSouWWrySXshPCT4t3UKCQGayyo.jpg</thumbnail>
   <fanart>https://image.tmdb.org/t/p/w1280/zSouWWrySXshPCT4t3UKCQGayyo.jpg</fanart>
</plugin>

<plugin>
   <title>Fantastic Beasts and Where to Find Them</title>
   <link>plugin://script.extendedinfo?info=extendedinfo&id=259316</link>
   <thumbnail>https://image.tmdb.org/t/p/w1280/1M91Bt3oGspda75H9eLqYZkJzgO.jpg</thumbnail>
   <fanart>https://image.tmdb.org/t/p/w1280/1M91Bt3oGspda75H9eLqYZkJzgO.jpg</fanart>
</plugin>

<plugin>
   <title>Now You See Me 2</title>
   <link>plugin://script.extendedinfo?info=extendedinfo&id=291805</link>
   <thumbnail>https://image.tmdb.org/t/p/w1280/hU0E130tsGdsYa4K9lc3Xrn5Wyt.jpg</thumbnail>
   <fanart>https://image.tmdb.org/t/p/w1280/hU0E130tsGdsYa4K9lc3Xrn5Wyt.jpg</fanart>
</plugin>

<plugin>
   <title>La La Land</title>
   <link>plugin://script.extendedinfo?info=extendedinfo&id=313369</link>
   <thumbnail>https://image.tmdb.org/t/p/w1280/ylXCdC106IKiarftHkcacasaAcb.jpg</thumbnail>
   <fanart>https://image.tmdb.org/t/p/w1280/ylXCdC106IKiarftHkcacasaAcb.jpg</fanart>
</plugin>

<plugin>
   <title>Arrival</title>
   <link>plugin://script.extendedinfo?info=extendedinfo&id=329865</link>
   <thumbnail>https://image.tmdb.org/t/p/w1280/hLudzvGfpi6JlwUnsNhXwKKg4j.jpg</thumbnail>
   <fanart>https://image.tmdb.org/t/p/w1280/hLudzvGfpi6JlwUnsNhXwKKg4j.jpg</fanart>
</plugin>

<plugin>
   <title>Ice Age: Collision Course</title>
   <link>plugin://script.extendedinfo?info=extendedinfo&id=278154</link>
   <thumbnail>https://image.tmdb.org/t/p/w1280/gRi7lTBBiRBhn9aJID5MdldcJEJ.jpg</thumbnail>
   <fanart>https://image.tmdb.org/t/p/w1280/gRi7lTBBiRBhn9aJID5MdldcJEJ.jpg</fanart>
</plugin>

<plugin>
   <title>Rogue One: A Star Wars Story</title>
   <link>plugin://script.extendedinfo?info=extendedinfo&id=330459</link>
   <thumbnail>https://image.tmdb.org/t/p/w1280/qjiskwlV1qQzRCjpV0cL9pEMF9a.jpg</thumbnail>
   <fanart>https://image.tmdb.org/t/p/w1280/qjiskwlV1qQzRCjpV0cL9pEMF9a.jpg</fanart>
</plugin>

<plugin>
   <title>Ghostbusters</title>
   <link>plugin://script.extendedinfo?info=extendedinfo&id=43074</link>
   <thumbnail>https://image.tmdb.org/t/p/w1280/4qnJ1hsMADxzwnOmnwjZTNp0rKT.jpg</thumbnail>
   <fanart>https://image.tmdb.org/t/p/w1280/4qnJ1hsMADxzwnOmnwjZTNp0rKT.jpg</fanart>
</plugin>

<plugin>
   <title>Suicide Squad</title>
   <link>plugin://script.extendedinfo?info=extendedinfo&id=297761</link>
   <thumbnail>https://image.tmdb.org/t/p/w1280/e1mjopzAS2KNsvpbpahQ1a6SkSn.jpg</thumbnail>
   <fanart>https://image.tmdb.org/t/p/w1280/e1mjopzAS2KNsvpbpahQ1a6SkSn.jpg</fanart>
</plugin>

<plugin>
   <title>Hacksaw Ridge</title>
   <link>plugin://script.extendedinfo?info=extendedinfo&id=324786</link>
   <thumbnail>https://image.tmdb.org/t/p/w1280/bndiUFfJxNd2fYx8XO610L9a07m.jpg</thumbnail>
   <fanart>https://image.tmdb.org/t/p/w1280/bndiUFfJxNd2fYx8XO610L9a07m.jpg</fanart>
</plugin>

<plugin>
   <title>Miss Peregrine&apos;s Home for Peculiar Children</title>
   <link>plugin://script.extendedinfo?info=extendedinfo&id=283366</link>
   <thumbnail>https://image.tmdb.org/t/p/w1280/tzYkC0vqX8Dokuwynhz1lnWWgWT.jpg</thumbnail>
   <fanart>https://image.tmdb.org/t/p/w1280/tzYkC0vqX8Dokuwynhz1lnWWgWT.jpg</fanart>
</plugin>

<plugin>
   <title>Sing</title>
   <link>plugin://script.extendedinfo?info=extendedinfo&id=335797</link>
   <thumbnail>https://image.tmdb.org/t/p/w1280/5XFchtGifv8mz4qlyT8PZ7ZsjfG.jpg</thumbnail>
   <fanart>https://image.tmdb.org/t/p/w1280/5XFchtGifv8mz4qlyT8PZ7ZsjfG.jpg</fanart>
</plugin>

<plugin>
   <title>Underworld: Blood Wars</title>
   <link>plugin://script.extendedinfo?info=extendedinfo&id=346672</link>
   <thumbnail>https://image.tmdb.org/t/p/w1280/nHXiMnWUAUba2LZ0dFkNDVdvJ1o.jpg</thumbnail>
   <fanart>https://image.tmdb.org/t/p/w1280/nHXiMnWUAUba2LZ0dFkNDVdvJ1o.jpg</fanart>
</plugin>

<plugin>
   <title>Your Name.</title>
   <link>plugin://script.extendedinfo?info=extendedinfo&id=372058</link>
   <thumbnail>https://image.tmdb.org/t/p/w1280/xq1Ugd62d23K2knRUx6xxuALTZB.jpg</thumbnail>
   <fanart>https://image.tmdb.org/t/p/w1280/xq1Ugd62d23K2knRUx6xxuALTZB.jpg</fanart>
</plugin>

<plugin>
   <title>The Jungle Book</title>
   <link>plugin://script.extendedinfo?info=extendedinfo&id=278927</link>
   <thumbnail>https://image.tmdb.org/t/p/w1280/vOipe2myi26UDwP978hsYOrnUWC.jpg</thumbnail>
   <fanart>https://image.tmdb.org/t/p/w1280/vOipe2myi26UDwP978hsYOrnUWC.jpg</fanart>
</plugin>

</xml>