<xml>

<plugin>
   <title>Thor: Ragnarok</title>
   <link>plugin://script.extendedinfo?info=extendedinfo&id=284053</link>
   <thumbnail>https://image.tmdb.org/t/p/w1280/rzRwTcFvttcN1ZpX2xv4j3tSdJu.jpg</thumbnail>
   <fanart>https://image.tmdb.org/t/p/w1280/rzRwTcFvttcN1ZpX2xv4j3tSdJu.jpg</fanart>
</plugin>

<plugin>
   <title>Kamen Rider Heisei Generations FINAL: Build &amp; Ex-Aid with Legend Riders</title>
   <link>plugin://script.extendedinfo?info=extendedinfo&id=479363</link>
   <thumbnail>https://image.tmdb.org/t/p/w1280/cGhdduplj8YdAwg7iPCeGjO1YvZ.jpg</thumbnail>
   <fanart>https://image.tmdb.org/t/p/w1280/cGhdduplj8YdAwg7iPCeGjO1YvZ.jpg</fanart>
</plugin>

<plugin>
   <title>Beauty and the Beast</title>
   <link>plugin://script.extendedinfo?info=extendedinfo&id=321612</link>
   <thumbnail>https://image.tmdb.org/t/p/w1280/tWqifoYuwLETmmasnGHO7xBjEtt.jpg</thumbnail>
   <fanart>https://image.tmdb.org/t/p/w1280/tWqifoYuwLETmmasnGHO7xBjEtt.jpg</fanart>
</plugin>

<plugin>
   <title>Star Wars: The Last Jedi</title>
   <link>plugin://script.extendedinfo?info=extendedinfo&id=181808</link>
   <thumbnail>https://image.tmdb.org/t/p/w1280/kOVEVeg59E0wsnXmF9nrh6OmWII.jpg</thumbnail>
   <fanart>https://image.tmdb.org/t/p/w1280/kOVEVeg59E0wsnXmF9nrh6OmWII.jpg</fanart>
</plugin>

<plugin>
   <title>Coco</title>
   <link>plugin://script.extendedinfo?info=extendedinfo&id=354912</link>
   <thumbnail>https://image.tmdb.org/t/p/w1280/eKi8dIrr8voobbaGzDpe8w0PVbC.jpg</thumbnail>
   <fanart>https://image.tmdb.org/t/p/w1280/eKi8dIrr8voobbaGzDpe8w0PVbC.jpg</fanart>
</plugin>

<plugin>
   <title>Sleight</title>
   <link>plugin://script.extendedinfo?info=extendedinfo&id=347882</link>
   <thumbnail>https://image.tmdb.org/t/p/w1280/wridRvGxDqGldhzAIh3IcZhHT5F.jpg</thumbnail>
   <fanart>https://image.tmdb.org/t/p/w1280/wridRvGxDqGldhzAIh3IcZhHT5F.jpg</fanart>
</plugin>

<plugin>
   <title>What the Waters Left Behind</title>
   <link>plugin://script.extendedinfo?info=extendedinfo&id=462593</link>
   <thumbnail>https://image.tmdb.org/t/p/w1280/4lJS2NUtcgyJPjOPfFlXcHzHu0D.jpg</thumbnail>
   <fanart>https://image.tmdb.org/t/p/w1280/4lJS2NUtcgyJPjOPfFlXcHzHu0D.jpg</fanart>
</plugin>

<plugin>
   <title>Spider-Man: Homecoming</title>
   <link>plugin://script.extendedinfo?info=extendedinfo&id=315635</link>
   <thumbnail>https://image.tmdb.org/t/p/w1280/c24sv2weTHPsmDa7jEMN0m2P3RT.jpg</thumbnail>
   <fanart>https://image.tmdb.org/t/p/w1280/c24sv2weTHPsmDa7jEMN0m2P3RT.jpg</fanart>
</plugin>

<plugin>
   <title>Wonder Woman</title>
   <link>plugin://script.extendedinfo?info=extendedinfo&id=297762</link>
   <thumbnail>https://image.tmdb.org/t/p/w1280/imekS7f1OuHyUP2LAiTEM0zBzUz.jpg</thumbnail>
   <fanart>https://image.tmdb.org/t/p/w1280/imekS7f1OuHyUP2LAiTEM0zBzUz.jpg</fanart>
</plugin>

<plugin>
   <title>Guardians of the Galaxy Vol. 2</title>
   <link>plugin://script.extendedinfo?info=extendedinfo&id=283995</link>
   <thumbnail>https://image.tmdb.org/t/p/w1280/y4MBh0EjBlMuOzv9axM4qJlmhzz.jpg</thumbnail>
   <fanart>https://image.tmdb.org/t/p/w1280/y4MBh0EjBlMuOzv9axM4qJlmhzz.jpg</fanart>
</plugin>

<plugin>
   <title>Justice League</title>
   <link>plugin://script.extendedinfo?info=extendedinfo&id=141052</link>
   <thumbnail>https://image.tmdb.org/t/p/w1280/eifGNCSDuxJeS1loAXil5bIGgvC.jpg</thumbnail>
   <fanart>https://image.tmdb.org/t/p/w1280/eifGNCSDuxJeS1loAXil5bIGgvC.jpg</fanart>
</plugin>

<plugin>
   <title>Logan</title>
   <link>plugin://script.extendedinfo?info=extendedinfo&id=263115</link>
   <thumbnail>https://image.tmdb.org/t/p/w1280/gGBu0hKw9BGddG8RkRAMX7B6NDB.jpg</thumbnail>
   <fanart>https://image.tmdb.org/t/p/w1280/gGBu0hKw9BGddG8RkRAMX7B6NDB.jpg</fanart>
</plugin>

<plugin>
   <title>Blade Runner 2049</title>
   <link>plugin://script.extendedinfo?info=extendedinfo&id=335984</link>
   <thumbnail>https://image.tmdb.org/t/p/w1280/gajva2L0rPYkEWjzgFlBXCAVBE5.jpg</thumbnail>
   <fanart>https://image.tmdb.org/t/p/w1280/gajva2L0rPYkEWjzgFlBXCAVBE5.jpg</fanart>
</plugin>

<plugin>
   <title>The Greatest Showman</title>
   <link>plugin://script.extendedinfo?info=extendedinfo&id=316029</link>
   <thumbnail>https://image.tmdb.org/t/p/w1280/b9CeobiihCx1uG1tpw8hXmpi7nm.jpg</thumbnail>
   <fanart>https://image.tmdb.org/t/p/w1280/b9CeobiihCx1uG1tpw8hXmpi7nm.jpg</fanart>
</plugin>

<plugin>
   <title>Jumanji: Welcome to the Jungle</title>
   <link>plugin://script.extendedinfo?info=extendedinfo&id=353486</link>
   <thumbnail>https://image.tmdb.org/t/p/w1280/bXrZ5iHBEjH7WMidbUDQ0U2xbmr.jpg</thumbnail>
   <fanart>https://image.tmdb.org/t/p/w1280/bXrZ5iHBEjH7WMidbUDQ0U2xbmr.jpg</fanart>
</plugin>

<plugin>
   <title>The Shape of Water</title>
   <link>plugin://script.extendedinfo?info=extendedinfo&id=399055</link>
   <thumbnail>https://image.tmdb.org/t/p/w1280/k4FwHlMhuRR5BISY2Gm2QZHlH5Q.jpg</thumbnail>
   <fanart>https://image.tmdb.org/t/p/w1280/k4FwHlMhuRR5BISY2Gm2QZHlH5Q.jpg</fanart>
</plugin>

<plugin>
   <title>War for the Planet of the Apes</title>
   <link>plugin://script.extendedinfo?info=extendedinfo&id=281338</link>
   <thumbnail>https://image.tmdb.org/t/p/w1280/3vYhLLxrTtZLysXtIWktmd57Snv.jpg</thumbnail>
   <fanart>https://image.tmdb.org/t/p/w1280/3vYhLLxrTtZLysXtIWktmd57Snv.jpg</fanart>
</plugin>

<plugin>
   <title>Kingsman: The Golden Circle</title>
   <link>plugin://script.extendedinfo?info=extendedinfo&id=343668</link>
   <thumbnail>https://image.tmdb.org/t/p/w1280/34xBL6BXNYFqtHO9zhcgoakS4aP.jpg</thumbnail>
   <fanart>https://image.tmdb.org/t/p/w1280/34xBL6BXNYFqtHO9zhcgoakS4aP.jpg</fanart>
</plugin>

<plugin>
   <title>Pitch Perfect 3</title>
   <link>plugin://script.extendedinfo?info=extendedinfo&id=353616</link>
   <thumbnail>https://image.tmdb.org/t/p/w1280/fchHLsLjFvzAFSQykiMwdF1051.jpg</thumbnail>
   <fanart>https://image.tmdb.org/t/p/w1280/fchHLsLjFvzAFSQykiMwdF1051.jpg</fanart>
</plugin>

<plugin>
   <title>Wonder</title>
   <link>plugin://script.extendedinfo?info=extendedinfo&id=406997</link>
   <thumbnail>https://image.tmdb.org/t/p/w1280/ouYgAatYH4JzIThj6FI3UYf31RI.jpg</thumbnail>
   <fanart>https://image.tmdb.org/t/p/w1280/ouYgAatYH4JzIThj6FI3UYf31RI.jpg</fanart>
</plugin>

</xml>