<xml>

<plugin>
   <title>Avengers: Infinity War</title>
   <link>plugin://script.extendedinfo?info=extendedinfo&id=299536</link>
   <thumbnail>https://image.tmdb.org/t/p/w1280/7WsyChQLEftFiDOVTGkv3hFpyyt.jpg</thumbnail>
   <fanart>https://image.tmdb.org/t/p/w1280/7WsyChQLEftFiDOVTGkv3hFpyyt.jpg</fanart>
</plugin>

<plugin>
   <title>Fifty Shades Freed</title>
   <link>plugin://script.extendedinfo?info=extendedinfo&id=337167</link>
   <thumbnail>https://image.tmdb.org/t/p/w1280/jjPJ4s3DWZZvI4vw8Xfi4Vqa1Q8.jpg</thumbnail>
   <fanart>https://image.tmdb.org/t/p/w1280/jjPJ4s3DWZZvI4vw8Xfi4Vqa1Q8.jpg</fanart>
</plugin>

<plugin>
   <title>Black Panther</title>
   <link>plugin://script.extendedinfo?info=extendedinfo&id=284054</link>
   <thumbnail>https://image.tmdb.org/t/p/w1280/uxzzxijgPIY7slzFvMotPv8wjKA.jpg</thumbnail>
   <fanart>https://image.tmdb.org/t/p/w1280/uxzzxijgPIY7slzFvMotPv8wjKA.jpg</fanart>
</plugin>

<plugin>
   <title>Dirty Dead Con Men</title>
   <link>plugin://script.extendedinfo?info=extendedinfo&id=510819</link>
   <thumbnail>https://image.tmdb.org/t/p/w1280/r70GGoZ5PqqokDDRnVfTN7PPDtJ.jpg</thumbnail>
   <fanart>https://image.tmdb.org/t/p/w1280/r70GGoZ5PqqokDDRnVfTN7PPDtJ.jpg</fanart>
</plugin>

<plugin>
   <title>Rampage</title>
   <link>plugin://script.extendedinfo?info=extendedinfo&id=427641</link>
   <thumbnail>https://image.tmdb.org/t/p/w1280/30oXQKwibh0uANGMs0Sytw3uN22.jpg</thumbnail>
   <fanart>https://image.tmdb.org/t/p/w1280/30oXQKwibh0uANGMs0Sytw3uN22.jpg</fanart>
</plugin>

<plugin>
   <title>Ready Player One</title>
   <link>plugin://script.extendedinfo?info=extendedinfo&id=333339</link>
   <thumbnail>https://image.tmdb.org/t/p/w1280/pU1ULUq8D3iRxl1fdX2lZIzdHuI.jpg</thumbnail>
   <fanart>https://image.tmdb.org/t/p/w1280/pU1ULUq8D3iRxl1fdX2lZIzdHuI.jpg</fanart>
</plugin>

<plugin>
   <title>Red Sparrow</title>
   <link>plugin://script.extendedinfo?info=extendedinfo&id=401981</link>
   <thumbnail>https://image.tmdb.org/t/p/w1280/vLCogyfQGxVLDC1gqUdNAIkc29L.jpg</thumbnail>
   <fanart>https://image.tmdb.org/t/p/w1280/vLCogyfQGxVLDC1gqUdNAIkc29L.jpg</fanart>
</plugin>

<plugin>
   <title>Deadpool 2</title>
   <link>plugin://script.extendedinfo?info=extendedinfo&id=383498</link>
   <thumbnail>https://image.tmdb.org/t/p/w1280/to0spRl1CMDvyUbOnbb4fTk3VAd.jpg</thumbnail>
   <fanart>https://image.tmdb.org/t/p/w1280/to0spRl1CMDvyUbOnbb4fTk3VAd.jpg</fanart>
</plugin>

<plugin>
   <title>Game Night</title>
   <link>plugin://script.extendedinfo?info=extendedinfo&id=445571</link>
   <thumbnail>https://image.tmdb.org/t/p/w1280/85R8LMyn9f2Lev2YPBF8Nughrkv.jpg</thumbnail>
   <fanart>https://image.tmdb.org/t/p/w1280/85R8LMyn9f2Lev2YPBF8Nughrkv.jpg</fanart>
</plugin>

<plugin>
   <title>Meet Me In St. Gallen</title>
   <link>plugin://script.extendedinfo?info=extendedinfo&id=499772</link>
   <thumbnail>https://image.tmdb.org/t/p/w1280/uGntNjUx6YAzbVy7RDgxWnWsdet.jpg</thumbnail>
   <fanart>https://image.tmdb.org/t/p/w1280/uGntNjUx6YAzbVy7RDgxWnWsdet.jpg</fanart>
</plugin>

<plugin>
   <title>Maze Runner: The Death Cure</title>
   <link>plugin://script.extendedinfo?info=extendedinfo&id=336843</link>
   <thumbnail>https://image.tmdb.org/t/p/w1280/7GgZ6DGezkh3szFdvskH5XD4V0t.jpg</thumbnail>
   <fanart>https://image.tmdb.org/t/p/w1280/7GgZ6DGezkh3szFdvskH5XD4V0t.jpg</fanart>
</plugin>

<plugin>
   <title>The Commuter</title>
   <link>plugin://script.extendedinfo?info=extendedinfo&id=399035</link>
   <thumbnail>https://image.tmdb.org/t/p/w1280/rDeGK6FIUfVcXmuBdEORPAGPMNg.jpg</thumbnail>
   <fanart>https://image.tmdb.org/t/p/w1280/rDeGK6FIUfVcXmuBdEORPAGPMNg.jpg</fanart>
</plugin>

<plugin>
   <title>A Quiet Place</title>
   <link>plugin://script.extendedinfo?info=extendedinfo&id=447332</link>
   <thumbnail>https://image.tmdb.org/t/p/w1280/nAU74GmpUk7t5iklEp3bufwDq4n.jpg</thumbnail>
   <fanart>https://image.tmdb.org/t/p/w1280/nAU74GmpUk7t5iklEp3bufwDq4n.jpg</fanart>
</plugin>

<plugin>
   <title>Iceman 2</title>
   <link>plugin://script.extendedinfo?info=extendedinfo&id=490214</link>
   <thumbnail>https://image.tmdb.org/t/p/w1280/enZENHd2gwVAw4sJKJxtJl1vJ09.jpg</thumbnail>
   <fanart>https://image.tmdb.org/t/p/w1280/enZENHd2gwVAw4sJKJxtJl1vJ09.jpg</fanart>
</plugin>

<plugin>
   <title>Solo: A Star Wars Story</title>
   <link>plugin://script.extendedinfo?info=extendedinfo&id=348350</link>
   <thumbnail>https://image.tmdb.org/t/p/w1280/3IGbjc5ZC5yxim5W0sFING2kdcz.jpg</thumbnail>
   <fanart>https://image.tmdb.org/t/p/w1280/3IGbjc5ZC5yxim5W0sFING2kdcz.jpg</fanart>
</plugin>

<plugin>
   <title>Pacific Rim: Uprising</title>
   <link>plugin://script.extendedinfo?info=extendedinfo&id=268896</link>
   <thumbnail>https://image.tmdb.org/t/p/w1280/v5HlmJK9bdeHxN2QhaFP1ivjX3U.jpg</thumbnail>
   <fanart>https://image.tmdb.org/t/p/w1280/v5HlmJK9bdeHxN2QhaFP1ivjX3U.jpg</fanart>
</plugin>

<plugin>
   <title>The 15:17 to Paris</title>
   <link>plugin://script.extendedinfo?info=extendedinfo&id=453201</link>
   <thumbnail>https://image.tmdb.org/t/p/w1280/qxJQ0VBCuJkJhJmuWzxI408ngwd.jpg</thumbnail>
   <fanart>https://image.tmdb.org/t/p/w1280/qxJQ0VBCuJkJhJmuWzxI408ngwd.jpg</fanart>
</plugin>

<plugin>
   <title>Tomb Raider</title>
   <link>plugin://script.extendedinfo?info=extendedinfo&id=338970</link>
   <thumbnail>https://image.tmdb.org/t/p/w1280/ePyN2nX9t8SOl70eRW47Q29zUFO.jpg</thumbnail>
   <fanart>https://image.tmdb.org/t/p/w1280/ePyN2nX9t8SOl70eRW47Q29zUFO.jpg</fanart>
</plugin>

<plugin>
   <title>Truth or Dare</title>
   <link>plugin://script.extendedinfo?info=extendedinfo&id=460019</link>
   <thumbnail>https://image.tmdb.org/t/p/w1280/kdkNaQYZ7dhM80LsnAGKpH8ca2g.jpg</thumbnail>
   <fanart>https://image.tmdb.org/t/p/w1280/kdkNaQYZ7dhM80LsnAGKpH8ca2g.jpg</fanart>
</plugin>

<plugin>
   <title>Jurassic World: Fallen Kingdom</title>
   <link>plugin://script.extendedinfo?info=extendedinfo&id=351286</link>
   <thumbnail>https://image.tmdb.org/t/p/w1280/c9XxwwhPHdaImA2f1WEfEsbhaFB.jpg</thumbnail>
   <fanart>https://image.tmdb.org/t/p/w1280/c9XxwwhPHdaImA2f1WEfEsbhaFB.jpg</fanart>
</plugin>

</xml>