<favourites>
	<favourite name="1Channel Movies" thumb="special://home/addons/plugin.video.1channel/icon.png">ActivateWindow(10025,&quot;plugin://plugin.video.1channel/?mode=Search&amp;section=movies&amp;query=$INFO[Skin.String(MovieSearch)]&amp;sf_options=fanart%3Dspecial%3A%2F%2Fhome%2Faddons%2Fplugin.video.1channel%2Ffanart.jpg&amp;desc%3DSearch+for+Movie+on+Primewire.ag+with+query:+[I]$INFO[Skin.String(MovieSearch)][/I]%26_options_sf&quot;,return)</favourite>
	<favourite name="123Movies Movies" thumb="special://home/addons/plugin.video.md123movies/icon.png">ActivateWindow(10025,&quot;plugin://plugin.video.md123movies/?description&amp;iconimage=&amp;mode=8&amp;name=$INFO[Skin.String(MovieSearch)]&amp;url=url&amp;query=$INFO[Skin.String(MovieSearch)]&amp;type=movie&amp;sf_options=fanart%3Dspecial%3A%2F%2Fhome%2Faddons%2Fplugin.video.md123movies%2Ffanart.jpg&amp;desc%3DSearch+for+Movie+on+123Movies+with+query:+[I]$INFO[Skin.String(MovieSearch)][/I]%26_options_sf&quot;,return)</favourite>
	<favourite name="9Movies Movies" thumb="special://home/addons/plugin.video.md9movies/icon.png">ActivateWindow(10025,&quot;plugin://plugin.video.md9movies/?description&amp;iconimage=&amp;mode=1&amp;name=$INFO[Skin.String(MovieSearch)]&amp;url=http%3A%2F%2F9movies.to%2Fsearch%3Fkeyword%3D$INFO[Skin.String(MovieSearch)]&amp;sf_options=fanart%3Dspecial%3A%2F%2Fhome%2Faddons%2Fplugin.video.md9movies%2Ffanart.jpg&amp;desc%3DSearch+for+Movie+on+9Movies+with+query:+[I]$INFO[Skin.String(MovieSearch)][/I]%26_options_sf&quot;,return)</favourite>
	<favourite name=".F.U.B.A.R." thumb="special://home/addons/plugin.video.mdfubar/icon.png">ActivateWindow(10025,&quot;plugin://plugin.video.mdfubar/?description&amp;iconimage&amp;mode=9&amp;name=&amp;query=$INFO[Skin.String(MovieSearch)]&amp;type=&amp;level=5&amp;url=url&amp;sf_options=fanart%3Dspecial%3A%2F%2Fhome%2Faddons%2Fplugin.video.mdfubar%2Ffanart.jpg&amp;desc%3DSearch+.F.U.B.A.R.+with+query:+[I]$INFO[Skin.String(MovieSearch)][/I]%26_options_sf&quot;,return)</favourite>
	<favourite name="Afdah" thumb="special://home/addons/plugin.video.mdafdah/icon.png">ActivateWindow(10025,&quot;plugin://plugin.video.mdafdah/?description&amp;iconimage=&amp;mode=1&amp;name=&amp;url=http%3A%2F%2Fafdah.org%2Fresults%3Fq%3D$INFO[Skin.String(MovieSearch)]&amp;sf_options=fanart%3Dspecial%3A%2F%2Fhome%2Faddons%2Fplugin.video.mdafdah%2Ffanart.jpg&amp;desc%3DSearch+Afdah+with+query:+[I]$INFO[Skin.String(MovieSearch)][/I]%26_options_sf&quot;,return)</favourite>
	<favourite name="Exodus Movies" thumb="special://home/addons/plugin.video.exodus/icon.png">ActivateWindow(10025,&quot;plugin://plugin.video.exodus/?action=movieSearch&amp;query=$INFO[Skin.String(MovieSearch)]&amp;sf_options=fanart%3Dspecial%3A%2F%2Fhome%2Faddons%2Fplugin.video.exodus%2Ffanart.jpg&amp;desc%3DSearch+for+Movie+on+Exodus+with+query:+[I]$INFO[Skin.String(MovieSearch)][/I]%26_options_sf&quot;,return)</favourite>
	<favourite name="Genesis Movies" thumb="special://home/addons/plugin.video.genesis/icon.png">ActivateWindow(10025,&quot;plugin://plugin.video.genesis/?action=movieSearch&amp;query=$INFO[Skin.String(MovieSearch)]&amp;sf_options=fanart%3Dspecial%3A%2F%2Fhome%2Faddons%2Fplugin.video.genesis%2Ffanart.jpg&amp;desc%3DSearch+for+Movie+on+Genesis+with+query:+[I]$INFO[Skin.String(MovieSearch)][/I]%26_options_sf&quot;,return)</favourite>
	<favourite name="GenVideos" thumb="special://home/addons/plugin.video.mdgenvideos/icon.png">ActivateWindow(10025,&quot;plugin://plugin.video.mdgenvideos/?description&amp;iconimage=&amp;mode=1&amp;name=&amp;url=http%3A%2F%2Fgenvideos.org%2Fresults%3Fq%3D$INFO[Skin.String(MovieSearch)]&amp;sf_options=fanart%3Dspecial%3A%2F%2Fhome%2Faddons%2Fplugin.video.mdgenvideos%2Ffanart.jpg&amp;desc%3DSearch+GenVideos+with+query:+[I]$INFO[Skin.String(MovieSearch)][/I]%26_options_sf&quot;,return)</favourite>
	<favourite name="HD-Movie14" thumb="special://home/addons/plugin.video.mdhdmovie14/icon.png">ActivateWindow(10025,&quot;plugin://plugin.video.mdhdmovie14/?description&amp;iconimage=&amp;mode=1&amp;name=&amp;url=http%3A%2F%2Fhdmovie14.net%2Fsearch%3Fkey%3D$INFO[Skin.String(MovieSearch)]&amp;sf_options=fanart%3Dspecial%3A%2F%2Fhome%2Faddons%2Fplugin.video.mdhdmovie14%2Ffanart.jpg&amp;desc%3DSearch+HD-Movie14+with+query:+[I]$INFO[Skin.String(MovieSearch)][/I]%26_options_sf&quot;,return)</favourite>
	<favourite name="Icefilms" thumb="special://home/addons/plugin.video.icefilms/icon.png">ActivateWindow(10025,&quot;plugin://plugin.video.icefilms/?mode=5555&amp;name=Search&amp;url=http%3A%2F%2Fwww.icefilms.info%2F&amp;nextPage=0&amp;search=$INFO[Skin.String(MovieSearch)]&amp;sf_options=fanart%3Dspecial%3A%2F%2Fhome%2Faddons%2Fplugin.video.icefilms%2Ffanart.jpg&amp;desc%3DSearch+Icefilms.info+with+query:+[I]$INFO[Skin.String(MovieSearch)][/I]%26_options_sf&quot;,return)</favourite>
	<favourite name="IGN.com" thumb="special://home/addons/plugin.video.ign_com/icon.png">ActivateWindow(10025,&quot;plugin://plugin.video.ign_com/?mode=list_search_results&amp;url=http%3A%2F%2Fwww.ign.com%2Fsearch?q%3D$INFO[Skin.String(MovieSearch)]&amp;page%3D0&amp;count%3D10&amp;type%3Dvideo&amp;sf_options=fanart%3Dhttp%3A%2F%2Fi0.wp.com%2Fgallsource.com%2Fwp-content%2Fuploads%2F2014%2F09%2FFinal-Fantasy-Xiv-Screenshots-Pc-Ign-HD-Wallpapers-1920x1080.jpg?&amp;desc%3DSearch+IGN.com+with+query:+[I]$INFO[Skin.String(MovieSearch)][/I]%26_options_sf&quot;,return)</favourite>
	<favourite name="iSTREAM Movies" thumb="special://home/addons/script.icechannel/icon.png">ActivateWindow(10025,&quot;plugin://script.icechannel/?indexer=movies&amp;indexer_id&amp;mode=search&amp;search_term=$INFO[Skin.String(MovieSearch)]&amp;section=search&amp;type=movies&amp;sf_options=fanart%3Dspecial%3A%2F%2Fhome%2Faddons%2Fscript.icechannel%2Ffanart.jpg&amp;desc%3DSearch+for+Movie+on+iSTREAM+with+query:+[I]$INFO[Skin.String(MovieSearch)][/I]%26_options_sf&quot;,return)</favourite>
	<favourite name="izle" thumb="special://home/addons/plugin.video.mdizle/icon.png">ActivateWindow(10025,&quot;plugin://plugin.video.mdizle/?description&amp;iconimage=&amp;mode=1&amp;name=&amp;url=http%3A%2F%2Fizlemeyedeger.com%2Farama%3Fq%3D$INFO[Skin.String(MovieSearch)]&amp;sf_options=fanart%3Dspecial%3A%2F%2Fhome%2Faddons%2Fplugin.video.mdizle%2Ffanart.jpg&amp;desc%3DSearch+izle+with+query:+[I]$INFO[Skin.String(MovieSearch)][/I]%26_options_sf&quot;,return)</favourite>
	<favourite name="PFTV Movies" thumb="special://home/addons/plugin.video.projectfreetv/icon.png">ActivateWindow(10025,&quot;plugin://plugin.video.projectfreetv/?mode=search&amp;section=movies&amp;name=$INFO[Skin.String(MovieSearch)]&amp;sf_options=fanart%3Dspecial%3A%2F%2Fhome%2Faddons%2Fplugin.video.projectfreetv%2Ffanart.jpg&amp;desc%3DSearch+for+Movie+on+Project+Free+TV+with+query:+[I]$INFO[Skin.String(MovieSearch)][/I]%26_options_sf&quot;,return)</favourite>
	<favourite name="Phoenix" thumb="special://home/addons/plugin.video.phstreams/icon.png">ActivateWindow(10025,&quot;plugin://plugin.video.phstreams/?action=searchDirectory2&amp;audio=0&amp;content=0&amp;fanart=special%3A%2F%2Fhome%2Faddons%2Fplugin.video.phstreams%2Ffanart.jpg&amp;image=special%3A%2F%2Fhome%2Faddons%2Fplugin.video.phstreams%2Ficon.png&amp;name=$INFO[Skin.String(MovieSearch)]&amp;playable=false&amp;tvshow=0&amp;url=$INFO[Skin.String(MovieSearch)]&amp;sf_options=fanart%3Dspecial%3A%2F%2Fhome%2Faddons%2Fplugin.video.phstreams%2Ffanart.jpg&amp;desc%3DSearch+Phoenix+with+query:+[I]$INFO[Skin.String(MovieSearch)][/I]%26_options_sf&quot;,return)</favourite>
	<favourite name="PubFilms" thumb="special://home/addons/plugin.video.mdpubfilm/icon.png">ActivateWindow(10025,&quot;plugin://plugin.video.mdpubfilm/?description&amp;iconimage=&amp;mode=1&amp;name=&amp;url=http%3A%2F%2Fpubfilm.com%2F%3Fs%3D$INFO[Skin.String(MovieSearch)]&amp;sf_options=fanart%3Dspecial%3A%2F%2Fhome%2Faddons%2Fplugin.video.mdpubfilm%2Ffanart.jpg&amp;desc%3DSearch+Pubfilms+with+query:+[I]$INFO[Skin.String(MovieSearch)][/I]%26_options_sf&quot;,return)</favourite>
	<favourite name="Pulsar Movies" thumb="special://home/addons/plugin.video.pulsar/icon.png">ActivateWindow(10025,&quot;plugin://plugin.video.pulsar/movies/search?q=$INFO[Skin.String(MovieSearch)]&amp;sf_options=fanart%3Dspecial%3A%2F%2Fhome%2Faddons%2Fplugin.video.pulsar%2Ffanart.jpg&amp;desc%3DSearch+for+Movie+on+Pulsar+with+query:+[I]$INFO[Skin.String(MovieSearch)][/I]%26_options_sf&quot;,return)</favourite>
	<favourite name="SALTS Movies" thumb="special://home/addons/plugin.video.salts/icon.png">ActivateWindow(10025,&quot;plugin://plugin.video.salts/?query=$INFO[Skin.String(MovieSearch)]&amp;section=Movies&amp;mode=search_results&amp;sf_options=fanart%3Dspecial%3A%2F%2Fhome%2Faddons%2Fplugin.video.salts%2Ffanart.jpg&amp;desc%3DSearch+for+Movie+on+Stream+All+The+Sources+with+query:+[I]$INFO[Skin.String(MovieSearch)][/I]%26_options_sf&quot;,return)</favourite>
	<favourite name="Salts HD Lite Movies" thumb="special://home/addons/plugin.video.saltshd.lite/icon.png">ActivateWindow(10025,&quot;plugin://plugin.video.saltshd.lite/?query=$INFO[Skin.String(MovieSearch)]&amp;section=Movies&amp;mode=search_results&amp;sf_options=fanart%3Dspecial%3A%2F%2Fhome%2Faddons%2Fplugin.video.salts%2Ffanart.jpg&amp;desc%3DSearch+for+Movie+on+Stream+All+The+Sources+with+query:+[I]$INFO[Skin.String(MovieSearch)][/I]%26_options_sf&quot;,return)</favourite>
	<favourite name="Specto Movies" thumb="special://home/addons/plugin.video.specto/icon.png">ActivateWindow(10025,&quot;plugin://plugin.video.specto/?action=movieSearch&amp;query=$INFO[Skin.String(MovieSearch)]&amp;sf_options=fanart%3Dspecial%3A%2F%2Fhome%2Faddons%2Fplugin.video.specto%2Ffanart.jpg&amp;desc%3DSearch+for+Movie+on+Specto+with+query:+[I]$INFO[Skin.String(MovieSearch)][/I]%26_options_sf&quot;,return)</favourite>
	<favourite name="Velocity Movies" thumb="special://home/addons/plugin.video.velocity/icon.png">ActivateWindow(10025,&quot;plugin://plugin.video.velocity/?media&amp;movie_title&amp;name&amp;thumb=&amp;trakt_id&amp;url=$INFO[Skin.String(MovieSearch)]&amp;mode=trakt_search_movies&quot;,return)</favourite>
	<favourite name="Vodlocker" thumb="special://home/addons/plugin.video.mdvodlocker/icon.png">ActivateWindow(10025,&quot;plugin://plugin.video.mdvodlocker/?description&amp;iconimage=&amp;mode=46&amp;name=&amp;url=url&amp;query=$INFO[Skin.String(MovieSearch)]&amp;sf_options=fanart%3Dspecial%3A%2F%2Fhome%2Faddons%2Fplugin.video.mdvodlocker%2Ffanart.jpg&amp;desc%3DSearch+Vodlocker+with+query:+[I]$INFO[Skin.String(MovieSearch)][/I]%26_options_sf&quot;,return)</favourite>
	<favourite name="Watch32HD" thumb="special://home/addons/plugin.video.mdwatch32hd/icon.png">ActivateWindow(10025,&quot;plugin://plugin.video.mdwatch32hd/?description&amp;iconimage=&amp;mode=1&amp;name=&amp;url=http%3A%2F%2Fwatch32hd.co%2Fresults%3Fq%3D$INFO[Skin.String(MovieSearch)]&amp;sf_options=fanart%3Dspecial%3A%2F%2Fhome%2Faddons%2Fplugin.video.mdwatch32hd%2Ffanart.jpg&amp;desc%3DSearch+Watch32HD+with+query:+[I]$INFO[Skin.String(MovieSearch)][/I]%26_options_sf&quot;,return)</favourite>
	<favourite name="We Watch Wrestling" thumb="special://home/addons/plugin.video.mdwww/icon.png">ActivateWindow(10025,&quot;plugin://plugin.video.mdwww/?description&amp;iconimage=&amp;mode=8&amp;name=&amp;url=http%3A%2F%2Fwatchwrestling.club%2F%3Fs%3D$INFO[Skin.String(MovieSearch)]&amp;sf_options=fanart%3Dspecial%3A%2F%2Fhome%2Faddons%2Fplugin.video.mdwww%2Ffanart.jpg&amp;desc%3DSearch+We+Watch+Wrestling+with+query:+[I]$INFO[Skin.String(MovieSearch)][/I]%26_options_sf&quot;,return)</favourite>
	<favourite name="XBMCtorrent" thumb="special://home/addons/plugin.video.xbmctorrent/icon.png">ActivateWindow(10025,&quot;plugin://plugin.video.xbmctorrent/tpb/search?query=$INFO[Skin.String(MovieSearch)]&amp;sf_options=fanart%3Dspecial%3A%2F%2Fhome%2Faddons%2Fplugin.video.xbmctorrent%2Ffanart.jpg&amp;desc%3DSearch+XBMCTorrent+with+query:+[I]$INFO[Skin.String(MovieSearch)][/I]%26_options_sf&quot;,return)</favourite>
	<favourite name="Edit Query: [I]$INFO[Skin.String(MovieSearch)][/I]" thumb="DefaultAddonMovieInfo.png">RunScript(script.TMI,info=string,type=movie)</favourite>
</favourites>