<xml>
<dir>
  <title>Avengers: Infinity War</title>
  <link>plugin://script.extendedinfo?info=extendedinfo&id=299536</link>
</dir>
<dir>
  <title>Fifty Shades Freed</title>
  <link>plugin://script.extendedinfo?info=extendedinfo&id=337167</link>
</dir>
<dir>
  <title>Black Panther</title>
  <link>plugin://script.extendedinfo?info=extendedinfo&id=284054</link>
</dir>
<dir>
  <title>Dirty Dead Con Men</title>
  <link>plugin://script.extendedinfo?info=extendedinfo&id=510819</link>
</dir>
<dir>
  <title>Thor: Ragnarok</title>
  <link>plugin://script.extendedinfo?info=extendedinfo&id=284053</link>
</dir>
<dir>
  <title>Rampage</title>
  <link>plugin://script.extendedinfo?info=extendedinfo&id=427641</link>
</dir>
<dir>
  <title>Game Night</title>
  <link>plugin://script.extendedinfo?info=extendedinfo&id=445571</link>
</dir>
<dir>
  <title>Star Wars: The Last Jedi</title>
  <link>plugin://script.extendedinfo?info=extendedinfo&id=181808</link>
</dir>
<dir>
  <title>Ready Player One</title>
  <link>plugin://script.extendedinfo?info=extendedinfo&id=333339</link>
</dir>
<dir>
  <title>Coco</title>
  <link>plugin://script.extendedinfo?info=extendedinfo&id=354912</link>
</dir>
<dir>
  <title>Red Sparrow</title>
  <link>plugin://script.extendedinfo?info=extendedinfo&id=401981</link>
</dir>
<dir>
  <title>Deadpool 2</title>
  <link>plugin://script.extendedinfo?info=extendedinfo&id=383498</link>
</dir>
<dir>
  <title>A Quiet Place</title>
  <link>plugin://script.extendedinfo?info=extendedinfo&id=447332</link>
</dir>
<dir>
  <title>Meet Me In St. Gallen</title>
  <link>plugin://script.extendedinfo?info=extendedinfo&id=499772</link>
</dir>
<dir>
  <title>Maze Runner: The Death Cure</title>
  <link>plugin://script.extendedinfo?info=extendedinfo&id=336843</link>
</dir>
<dir>
  <title>Justice League</title>
  <link>plugin://script.extendedinfo?info=extendedinfo&id=141052</link>
</dir>
<dir>
  <title>Blade Runner 2049</title>
  <link>plugin://script.extendedinfo?info=extendedinfo&id=335984</link>
</dir>
<dir>
  <title>The Commuter</title>
  <link>plugin://script.extendedinfo?info=extendedinfo&id=399035</link>
</dir>
<dir>
  <title>Jurassic World: Fallen Kingdom</title>
  <link>plugin://script.extendedinfo?info=extendedinfo&id=351286</link>
</dir>
<dir>
  <title>The Greatest Showman</title>
  <link>plugin://script.extendedinfo?info=extendedinfo&id=316029</link>
</dir>
