
*****Actress*****


<dir>
    <title>[B][COLORwhite]Amy Adams[/COLOR][/B]</title>
    <trakt>https://api.trakt.tv/people/Amy-Adams/movies</trakt>
</dir>

<dir>
    <title>[B][COLORwhite]Angelina Jolie[/COLOR][/B]</title>
    <trakt>https://api.trakt.tv/people/Angelina-Jolie/movies</trakt>
</dir>

<dir>
    <title>[B][COLORwhite]Anne Hathaway[/COLOR][/B]</title>
    <trakt>https://api.trakt.tv/people/Anne-Hathaway/movies</trakt>
</dir>

<dir>
    <title>[B][COLORwhite]Audrey Hepburn[/COLOR][/B]</title>
    <trakt>https://api.trakt.tv/people/Audrey-Hepburn/movies</trakt>
</dir>

<dir>
    <title>[B][COLORwhite]Cate Blanchett[/COLOR][/B]</title>
    <trakt>https://api.trakt.tv/people/Cate-Blanchett/movies</trakt>
</dir>

<dir>
    <title>[B][COLORwhite]Charlize Theron[/COLOR][/B]</title>
    <trakt>https://api.trakt.tv/people/Charlize-Theron/movies</trakt>
</dir>

<dir>
    <title>[B][COLORwhite]Darlene Glória[/COLOR][/B]</title>
    <trakt>https://api.trakt.tv/people/Darlene-Glória/movies</trakt>
</dir>

<dir>
    <title>[B][COLORwhite]Elizabeth Taylor[/COLOR][/B]</title>
    <trakt>https://api.trakt.tv/people/Elizabeth Taylor/movies</trakt>
</dir>

<dir>
    <title>[B][COLORwhite]Emilia Clarke[/COLOR][/B]</title>
    <trakt>https://api.trakt.tv/people/Emilia-Clarke/movies</trakt>
</dir>

<dir>
    <title>[B][COLORwhite]Emily Blunt[/COLOR][/B]</title>
    <trakt>https://api.trakt.tv/people/Emily-Blunt/movies</trakt>
</dir>

<dir>
    <title>[B][COLORwhite]Emma Stone[/COLOR][/B]</title>
    <trakt>https://api.trakt.tv/people/Emma-Stone/movies</trakt>
</dir>

<dir>
    <title>[B][COLORwhite]Emma Thompson[/COLOR][/B]</title>
    <trakt>https://api.trakt.tv/people/Emma-Thompson/movies</trakt>
</dir>

<dir>
    <title>[B][COLORwhite]Emma Watson[/COLOR][/B]</title>
    <trakt>https://api.trakt.tv/people/Emma-Watson/movies</trakt>
</dir>

<dir>
    <title>[B][COLORwhite]Gwyneth Paltrow[/COLOR][/B]</title>
    <trakt>https://api.trakt.tv/people/Gwyneth-Paltrow/movies</trakt>
</dir>

<dir>
    <title>[B][COLORwhite]Halle Berry[/COLOR][/B]</title>
    <trakt>https://api.trakt.tv/people/Halle-Berry/movies</trakt>
</dir>

<dir>
    <title>[B][COLORwhite]Helen Mirren[/COLOR][/B]</title>
    <trakt>https://api.trakt.tv/people/Helen-Mirren/movies</trakt>
</dir>

<dir>
    <title>[B][COLORwhite]Jennifer Aniston[/COLOR][/B]</title>
    <trakt>https://api.trakt.tv/people/Jennifer-Aniston/movies</trakt>
</dir>

<dir>
    <title>[B][COLORwhite]Jennifer Lawrence[/COLOR][/B]</title>
    <trakt>https://api.trakt.tv/people/Jennifer-Lawrence/movies</trakt>
</dir>

<dir>
    <title>[B][COLORwhite]Jessica Alba[/COLOR][/B]</title>
    <trakt>https://api.trakt.tv/people/Jessica-Alba/movies</trakt>
</dir>

<dir>
    <title>[B][COLORwhite]Jessica Biel[/COLOR][/B]</title>
    <trakt>https://api.trakt.tv/people/Jessica-Biel/movies</trakt>
</dir>

<dir>
    <title>[B][COLORwhite]Jessica Chastain[/COLOR][/B]</title>
    <trakt>https://api.trakt.tv/people/Jessica-Chastain/movies</trakt>
</dir>

<dir>
    <title>[B][COLORwhite]Jodie Foster[/COLOR][/B]</title>
    <trakt>https://api.trakt.tv/people/Jodie-Foster/movies</trakt>
</dir>

<dir>
    <title>[B][COLORwhite]Judy Loe[/COLOR][/B]</title>
    <trakt>https://api.trakt.tv/people/Judy-Loe/movies</trakt>
</dir>

<dir>
    <title>[B][COLORwhite]Julia Roberts[/COLOR][/B]</title>
    <trakt>https://api.trakt.tv/people/Julia-Roberts/movies</trakt>
</dir>

<dir>
    <title>[B][COLORwhite]Julianne Moore[/COLOR][/B]</title>
    <trakt>https://api.trakt.tv/people/Julianne-Moore/movies</trakt>
</dir>

<dir>
    <title>[B][COLORwhite]Kate Beckinsale[/COLOR][/B]</title>
    <trakt>https://api.trakt.tv/people/Kate-Beckinsale/movies</trakt>
</dir>

<dir>
    <title>[B][COLORwhite]Kate Winslet[/COLOR][/B]</title>
    <trakt>https://api.trakt.tv/people/Kate-Winslet/movies</trakt>
</dir>

<dir>
    <title>[B][COLORwhite]Katharine Hepburn[/COLOR][/B]</title>
    <trakt>https://api.trakt.tv/people/Katharine-Hepburn/movies</trakt>
</dir>

<dir>
    <title>[B][COLORwhite]Kathy Bates[/COLOR][/B]</title>
    <trakt>https://api.trakt.tv/people/Kathy-Bates/movies</trakt>
</dir>

<dir>
    <title>[B][COLORwhite]Keira Knightley[/COLOR][/B]</title>
    <trakt>https://api.trakt.tv/people/Emma-Stone/movies</trakt>
</dir>

<dir>
    <title>[B][COLORwhite]Kim Kardashian[/COLOR][/B]</title>
    <trakt>https://api.trakt.tv/people/Kim-Kardashian/movies</trakt>
</dir>

<dir>
    <title>[B][COLORwhite]Marilyn Monroe[/COLOR][/B]</title>
    <trakt>https://api.trakt.tv/people/Marilyn-Monroe/movies</trakt>
</dir>

<dir>
    <title>[B][COLORwhite]Megan Fox[/COLOR][/B]</title>
    <trakt>https://api.trakt.tv/people/Megan-Fox/movies</trakt>
</dir>

<dir>
    <title>[B][COLORwhite]Melanie Sloan[/COLOR][/B]</title>
    <trakt>https://api.trakt.tv/people/Melanie-Sloan/movies</trakt>
</dir>

<dir>
    <title>[B][COLORwhite]Meryl Streep[/COLOR][/B]</title>
    <trakt>https://api.trakt.tv/people/Meryl-Streep/movies</trakt>
</dir>

<dir>
    <title>[B][COLORwhite]Mila Kunis[/COLOR][/B]</title>
    <trakt>https://api.trakt.tv/people/Mila-Kunis/movies</trakt>
</dir>

<dir>
    <title>[B][COLORwhite]Naomi Watts[/COLOR][/B]</title>
    <trakt>https://api.trakt.tv/people/Naomi-Watts/movies</trakt>
</dir>

<dir>
    <title>[B][COLORwhite]Natalie Portman[/COLOR][/B]</title>
    <trakt>https://api.trakt.tv/people/Natalie-Portman/movies</trakt>
</dir>

<dir>
    <title>[B][COLORwhite]Nicole Kidman[/COLOR][/B]</title>
    <trakt>https://api.trakt.tv/people/Nicole-Kidman/movies</trakt>
</dir>

<dir>
    <title>[B][COLORwhite]Olivia Wilde[/COLOR][/B]</title>
    <trakt>https://api.trakt.tv/people/Olivia-Wilde/movies</trakt>
</dir>

<dir>
    <title>[B][COLORwhite]Penélope Cruz[/COLOR][/B]</title>
    <trakt>https://api.trakt.tv/people/Penélope-Cruz/movies</trakt>
</dir>

<dir>
    <title>[B][COLORwhite]Rachel McAdams[/COLOR][/B]</title>
    <trakt>https://api.trakt.tv/people/Rachel-McAdams/movies</trakt>
</dir>

<dir>
    <title>[B][COLORwhite]Reese Witherspoon[/COLOR][/B]</title>
    <trakt>https://api.trakt.tv/people/Reese-Witherspoon/movies</trakt>
</dir>

<dir>
    <title>[B][COLORwhite]Sally Field[/COLOR][/B]</title>
    <trakt>https://api.trakt.tv/people/Sally-Field/movies</trakt>
</dir>

<dir>
    <title>[B][COLORwhite]Sandra Bullock[/COLOR][/B]</title>
    <trakt>https://api.trakt.tv/people/Sandra-Bullock/movies</trakt>
</dir>

<dir>
    <title>[B][COLORwhite]Scarlett Johansson[/COLOR][/B]</title>
    <trakt>https://api.trakt.tv/people/Scarlett-Johansson/movies</trakt>
</dir>

<dir>
    <title>[B][COLORwhite]Sharman Macdonald[/COLOR][/B]</title>
    <trakt>https://api.trakt.tv/people/Sharman-Macdonald/movies</trakt>
</dir>

<dir>
    <title>[B][COLORwhite]Sofía Vergara[/COLOR][/B]</title>
    <trakt>https://api.trakt.tv/people/Sofía-Vergara/movies</trakt>
</dir>

<dir>
    <title>[B][COLORwhite]Susan Sarandon[/COLOR][/B]</title>
    <trakt>https://api.trakt.tv/people/Susan Sarandon/movies</trakt>
</dir>

<dir>
    <title>[B][COLORwhite]Vanessa Johansson[/COLOR][/B]</title>
    <trakt>https://api.trakt.tv/people/Vanessa-Johansson/movies</trakt>
</dir>

<dir>
    <title>[B][COLORwhite]Viola Davis[/COLOR][/B]</title>
    <trakt>https://api.trakt.tv/people/Viola-Davis/movies</trakt>
</dir>

