  <dir>
    <title>2018 Movies</title>
    <link>http://newwavedesigns.ca/NewWave/years/2018.xml</link>
  </dir>
  
  <dir>
    <title>2017 Movies</title>
    <trakt>https://api.trakt.tv/users/additup/lists/2017/items</trakt>
  </dir>

  <dir>
    <title>2016 Movies</title>
    <trakt>https://api.trakt.tv/users/bachsmith/lists/2016/items</trakt>
  </dir>

  <dir>
    <title>2015 Movies</title>
    <trakt>https://api.trakt.tv/users/jonsnoq/lists/2015/items</trakt>
  </dir>

  <dir>
    <title>2014 Movies</title>
    <trakt>https://api.trakt.tv/users/patricafdw/lists/2014/items</trakt>
  </dir>

  <dir>
    <title>2013 Movies</title>
    <trakt>https://api.trakt.tv/users/john-e-moor/lists/2013/items</trakt>
  </dir>

  <dir>
    <title>2012 Movies</title>
    <trakt>https://api.trakt.tv/users/patricafdw/lists/2012/items</trakt>
  </dir>

  <dir>
    <title>2011 Movies</title>
    <trakt>https://api.trakt.tv/users/myster/lists/2011-movies/items</trakt>
  </dir>

  <dir>
    <title>2010 Movies</title>
    <trakt>https://api.trakt.tv/users/patricafdw/lists/2010/items</trakt>
  </dir>

  <dir>
    <title>2009 Movies</title>
    <trakt>https://api.trakt.tv/users/patricafdw/lists/2009/items</trakt>
  </dir>

  <dir>
    <title>2008 Movies</title>
    <trakt>https://api.trakt.tv/users/patricafdw/lists/2008/items</trakt>
  </dir>

  <dir>
    <title>2007 Movies</title>
    <trakt>https://api.trakt.tv/users/patricafdw/lists/2007/items</trakt>
  </dir>

  <dir>
    <title>2006 Movies</title>
    <trakt>https://api.trakt.tv/users/patricafdw/lists/2006/items</trakt>
  </dir>

  <dir>
    <title>2005 Movies</title>
    <trakt>https://api.trakt.tv/users/patricafdw/lists/2005/items</trakt>
  </dir>

  <dir>
    <title>2004 Movies</title>
    <trakt>https://api.trakt.tv/users/patricafdw/lists/2004/items</trakt>
  </dir>

  <dir>
    <title>2003 Movies</title>
    <trakt>https://api.trakt.tv/users/patricafdw/lists/2003/items</trakt>
  </dir>

  <dir>
    <title>2002 Movies</title>
    <trakt>https://api.trakt.tv/users/patricafdw/lists/2002/items</trakt>
  </dir>

  <dir>
    <title>2001 Movies</title>
    <trakt>https://api.trakt.tv/users/nandogallagher/lists/top-movies-released-2001/items</trakt>
  </dir>

  <dir>
    <title>2000 Movies</title>
    <trakt>https://api.trakt.tv/users/nathanrlds/lists/2000/items</trakt>
  </dir>
  
<dir>
    <title>1990 Movies</title>
    <trakt>https://api.trakt.tv/users/nathanrlds/lists/1990/items</trakt>
</dir>
  
<dir>
    <title>1980 Movies</title>
    <trakt>https://api.trakt.tv/users/nathanrlds/lists/1980/items</trakt>
</dir>

  
<dir>
    <title>1970 Movies</title>
    <trakt>https://api.trakt.tv/users/nathanrlds/lists/1970/items</trakt>
</dir>
    
  
<dir>
    <title>1960 Movies</title>
    <trakt>https://api.trakt.tv/users/nathanrlds/lists/1960/items</trakt>
</dir>
  
<dir>
    <title>1950 Movies</title>
    <trakt>https://api.trakt.tv/users/nathanrlds/lists/1950/items</trakt>
</dir> 
  
  
<dir>
    <title>1940 Movies</title>
    <trakt>https://api.trakt.tv/users/nathanrlds/lists/1940/items</trakt>
</dir> 
  
<dir>
    <title>1900 Movies</title>
    <trakt>file://movies/years/1900.xml</trakt>
</dir>  
  
  
