<xml>

	<dir>
		<title>DreamWorks Animation</title>
		<tmdb>company/movies/521</tmdb>
	</dir>

	<dir>
		<title>Pixar Animation</title>
		<tmdb>company/movies/3</tmdb>
	</dir>
	<dir>
		<title>Walt Disney Animation Studios</title>
		<tmdb>company/movies/6125</tmdb>
	</dir>

	<dir>
		<title>Walt Disney Productions</title>
		<tmdb>company/movies/3166</tmdb>
	</dir>

	<dir>
		<title>Warner Bros. Animation</title>
		<tmdb>company/movies/2785</tmdb>
	</dir>

	<dir>
		<title>Search TMDB</title>
		<tmdb>search</tmdb>
	</dir>
	