<dir>
    <title>My lists</title>
    <trakt>https://api.trakt.tv/users/me/lists/</trakt>
</dir>

<dir>
    <title>My Liked Lists</title>
    <trakt>https://api.trakt.tv/users/likes/lists</trakt>
</dir>

<dir>
    <title>Reddit Top 250 (2017 Edition)</title>
    <trakt>https://api.trakt.tv/users/philrivers/lists/reddit-top-250-2017-edition/items</trakt>
</dir>

<dir>
    <title>Rotten Tomatoes: Best of 2017</title>
    <trakt>https://api.trakt.tv/users/lish408/lists/rotten-tomatoes-best-of-2017/items</trakt>
</dir>

<dir>
    <title>TMDB List: Animal Kingdom</title>
    <tmdb>list/13488</tmdb>
</dir>

<dir>
    <title>Shan Animated</title>
    <tmdb>list/32947</tmdb>
</dir>


